rule_id,item,field,finding,proposed_refinement
R13 (existing) + Candidate A,Band-Aid attention check (elig_knee),elig_knee,"Total flagged by R13: 7. Among answered records: 158 answered, 156 selected Band-Aid. Pay Now: 74 selected Band-Aid only, 0 selected Band-Aid + other options, 0 answered but did NOT select Band-Aid.",Consider: not just checking 'Puts on a Band-Aid' but also whether they checked it IN ADDITION to other responses. Checking multiple options on this question may indicate inattentive responding.
R14 (existing) + Candidate C,Pronoun and Gender consistency,"pronouns_elig, demo_gender","She/Her + Man: 43 records. He/Him + Woman: 284 records. Of these, 115 currently classified as 'Pay now'. Pronoun distribution: {'She/Her/Hers': np.int64(809), 'He/Him/His': np.int64(786), 'They/Them/Theirs': np.int64(67), '': np.int64(12), 'Other': np.int64(4)}. Gender distribution: {'Woman': np.int64(942), 'Man': np.int64(466), '': np.int64(267), 'Non-binary': np.int64(2), 'Prefer not to answer': np.int64(1)}.","Mismatched pronoun and gender responses (e.g., selecting 'she' and 'man') may indicate inattentive or bot-like responding. Currently context-only. Consider flagging for manual review when combined with other signals."
R15 (existing) + Candidate D,Disability and autism answer contradiction,"fif_child_needs, fif_num_autistic","Records saying 'No disability' + >=1 autistic child: 689. Of these, 0 currently classified as 'Pay now'. This is currently a review flag (R15) but doesn't block payment by itself.",Reports 'No' to having a child with a disability but elsewhere identifies >=1 autistic child. May indicate misunderstanding of the question OR inattentive responding. Should be treated as a strong manual-review signal.
Candidate G (new),Free-text response quality,All comment/explain/feedback/reason free-text fields,Pay Now with very short narrative (<20 chars): 6. Pay Now with no narrative at all: 126. Placeholder-type responses across all studies: 245. Repeated-character responses: 0.,"Flag records where free-text fields contain only placeholder responses (e.g., 'n/a', 'asdf', single characters) or repeated characters. Do not reject short but valid answers solely because of length."
R8 (existing) + Candidate E,Number of children consistency,"fif_num_children, fif_num_autistic, fif_childrens_ages",Autistic count > total children: 2 (0 in Pay Now). Age bands > child count: 9 (0 in Pay Now).,"Strengthen the existing R8 check. If the number of autistic children exceeds total children, this is a definite logical impossibility. Consider making this a hard exclusion rather than a review flag."
R9 (existing) + Candidate F,Demographic consistency checks,"age_confirm_elig, demo_momdob, zip_demo, demo_country, dob_child1",Age outside 18-100: 37 (0 in Pay Now). Invalid ZIP: 0 (0 in Pay Now). Parent birth interval outside 10-60: 4 (0 in Pay Now).,"Cross-validate birth year vs age, education level vs age, and child age vs parent age more comprehensively. Do not auto-exclude plausible differences caused by question wording."
"R1-R3, R12 (existing) + Candidate I",Survey timing analysis,"get_time_fif, get_time_val, get_time_tfa, get_time_demo, eligibility_timestamp",Pay Now with total < 15 min: 55. No section timing at all: 125 (0 in Pay Now). Timing data issues (negative values): 0 (0 in Pay Now). Overnight start (00:00-04:59): 7 (2 in Pay Now).,Consider study-specific timing thresholds since surveys differ in length. Missing all timing data on a completed survey should raise a review flag.
"R10, R11 (existing) + Candidate H",Email quality and duplication,"demo_email, email_elig, demo_email_confirm",Shared payment email (>1 records): 6 (0 in Pay Now). Disposable domain: 0 (0 in Pay Now). Email confirmation mismatch: 5 (0 in Pay Now). Completed but no email: 5 (0 in Pay Now).,"Evaluate combinations of email hash, demographic pattern, timing pattern, and identical response sequences for cross-record duplication. A single duplicate signal alone should not auto-exclude."
R5-R7 (existing) + Candidate H,Cross-record duplication patterns,"Response fingerprint, narrative similarity, signup timestamps",Identical response fingerprint (>=2 sharing): 0 (0 in Pay Now). High narrative similarity (>0.90): 19 (0 in Pay Now). Sign-up burst (>=2 within 2min): 1492 (409 in Pay Now).,"Combine email hash, demographic pattern, timing pattern, identical response sequence, and repeated free text for a composite duplication score. Multiple weak signals combined may warrant manual review."
