uid,record_id,tier,tier_label,tier1_hit_count,tier1_rule_combo,soft_triggered_rules,giftcard_decision,decision_reason
4581_101,101,3,Uncertain,0,none,R6,eligible_low_risk_review,Tier 3 with no Tier 1 rule hits; one soft suspicion rule only
4581_1013,1013,3,Uncertain,0,none,R6,eligible_low_risk_review,Tier 3 with no Tier 1 rule hits; one soft suspicion rule only
4581_1014,1014,3,Uncertain,0,none,R6,eligible_low_risk_review,Tier 3 with no Tier 1 rule hits; one soft suspicion rule only
4581_102,102,3,Uncertain,0,none,R6,eligible_low_risk_review,Tier 3 with no Tier 1 rule hits; one soft suspicion rule only
4581_1020,1020,3,Uncertain,0,none,R6,eligible_low_risk_review,Tier 3 with no Tier 1 rule hits; one soft suspicion rule only
4581_1021,1021,3,Uncertain,0,none,R6,eligible_low_risk_review,Tier 3 with no Tier 1 rule hits; one soft suspicion rule only
4581_1028,1028,3,Uncertain,0,none,R6,eligible_low_risk_review,Tier 3 with no Tier 1 rule hits; one soft suspicion rule only
4581_103,103,3,Uncertain,0,none,R6,eligible_low_risk_review,Tier 3 with no Tier 1 rule hits; one soft suspicion rule only
4581_1035,1035,3,Uncertain,0,none,R6,eligible_low_risk_review,Tier 3 with no Tier 1 rule hits; one soft suspicion rule only
4581_1037,1037,3,Uncertain,0,none,R6,eligible_low_risk_review,Tier 3 with no Tier 1 rule hits; one soft suspicion rule only
4581_104,104,3,Uncertain,0,none,R6,eligible_low_risk_review,Tier 3 with no Tier 1 rule hits; one soft suspicion rule only
4581_1046,1046,3,Uncertain,0,none,R6,eligible_low_risk_review,Tier 3 with no Tier 1 rule hits; one soft suspicion rule only
4581_1049,1049,3,Uncertain,0,none,R6,eligible_low_risk_review,Tier 3 with no Tier 1 rule hits; one soft suspicion rule only
4581_1050,1050,3,Uncertain,0,none,R6,eligible_low_risk_review,Tier 3 with no Tier 1 rule hits; one soft suspicion rule only
4581_1052,1052,3,Uncertain,0,none,R6,eligible_low_risk_review,Tier 3 with no Tier 1 rule hits; one soft suspicion rule only
4581_1054,1054,3,Uncertain,0,none,R6,eligible_low_risk_review,Tier 3 with no Tier 1 rule hits; one soft suspicion rule only
4581_1055,1055,3,Uncertain,0,none,R6,eligible_low_risk_review,Tier 3 with no Tier 1 rule hits; one soft suspicion rule only
4581_1057,1057,3,Uncertain,0,none,R6,eligible_low_risk_review,Tier 3 with no Tier 1 rule hits; one soft suspicion rule only
4581_1058,1058,3,Uncertain,0,none,R6,eligible_low_risk_review,Tier 3 with no Tier 1 rule hits; one soft suspicion rule only
4581_1061,1061,3,Uncertain,0,none,R6,eligible_low_risk_review,Tier 3 with no Tier 1 rule hits; one soft suspicion rule only
4581_1062,1062,3,Uncertain,0,none,R6,eligible_low_risk_review,Tier 3 with no Tier 1 rule hits; one soft suspicion rule only
4581_1063,1063,3,Uncertain,0,none,R6,eligible_low_risk_review,Tier 3 with no Tier 1 rule hits; one soft suspicion rule only
4581_107,107,3,Uncertain,0,none,R6,eligible_low_risk_review,Tier 3 with no Tier 1 rule hits; one soft suspicion rule only
4581_1070,1070,3,Uncertain,0,none,R6,eligible_low_risk_review,Tier 3 with no Tier 1 rule hits; one soft suspicion rule only
4581_1071,1071,3,Uncertain,0,none,R6,eligible_low_risk_review,Tier 3 with no Tier 1 rule hits; one soft suspicion rule only
4581_1074,1074,3,Uncertain,0,none,R6,eligible_low_risk_review,Tier 3 with no Tier 1 rule hits; one soft suspicion rule only
4581_1075,1075,3,Uncertain,0,none,R6,eligible_low_risk_review,Tier 3 with no Tier 1 rule hits; one soft suspicion rule only
4581_1079,1079,3,Uncertain,0,none,R6,eligible_low_risk_review,Tier 3 with no Tier 1 rule hits; one soft suspicion rule only
4581_108,108,3,Uncertain,0,none,R6,eligible_low_risk_review,Tier 3 with no Tier 1 rule hits; one soft suspicion rule only
4581_1081,1081,3,Uncertain,0,none,R6,eligible_low_risk_review,Tier 3 with no Tier 1 rule hits; one soft suspicion rule only
4581_1085,1085,3,Uncertain,0,none,R6,eligible_low_risk_review,Tier 3 with no Tier 1 rule hits; one soft suspicion rule only
4581_1086,1086,3,Uncertain,0,none,R6,eligible_low_risk_review,Tier 3 with no Tier 1 rule hits; one soft suspicion rule only
4581_1087,1087,3,Uncertain,0,none,R6,eligible_low_risk_review,Tier 3 with no Tier 1 rule hits; one soft suspicion rule only
4581_1088,1088,3,Uncertain,0,none,R6,eligible_low_risk_review,Tier 3 with no Tier 1 rule hits; one soft suspicion rule only
4581_1090,1090,3,Uncertain,0,none,R6,eligible_low_risk_review,Tier 3 with no Tier 1 rule hits; one soft suspicion rule only
4581_1091,1091,3,Uncertain,0,none,R6,eligible_low_risk_review,Tier 3 with no Tier 1 rule hits; one soft suspicion rule only
4581_1093,1093,3,Uncertain,0,none,R6,eligible_low_risk_review,Tier 3 with no Tier 1 rule hits; one soft suspicion rule only
4581_110,110,3,Uncertain,0,none,R6,eligible_low_risk_review,Tier 3 with no Tier 1 rule hits; one soft suspicion rule only
4581_1108,1108,3,Uncertain,0,none,R6,eligible_low_risk_review,Tier 3 with no Tier 1 rule hits; one soft suspicion rule only
4581_111,111,3,Uncertain,0,none,R6,eligible_low_risk_review,Tier 3 with no Tier 1 rule hits; one soft suspicion rule only
4581_1110,1110,3,Uncertain,0,none,R6,eligible_low_risk_review,Tier 3 with no Tier 1 rule hits; one soft suspicion rule only
4581_1112,1112,3,Uncertain,0,none,R6,eligible_low_risk_review,Tier 3 with no Tier 1 rule hits; one soft suspicion rule only
4581_1117,1117,3,Uncertain,0,none,R6,eligible_low_risk_review,Tier 3 with no Tier 1 rule hits; one soft suspicion rule only
4581_1122,1122,3,Uncertain,0,none,R6,eligible_low_risk_review,Tier 3 with no Tier 1 rule hits; one soft suspicion rule only
4581_1124,1124,3,Uncertain,0,none,R6,eligible_low_risk_review,Tier 3 with no Tier 1 rule hits; one soft suspicion rule only
4581_1125,1125,3,Uncertain,0,none,R6,eligible_low_risk_review,Tier 3 with no Tier 1 rule hits; one soft suspicion rule only
4581_1126,1126,3,Uncertain,0,none,R6,eligible_low_risk_review,Tier 3 with no Tier 1 rule hits; one soft suspicion rule only
4581_1129,1129,3,Uncertain,0,none,R6,eligible_low_risk_review,Tier 3 with no Tier 1 rule hits; one soft suspicion rule only
4581_113,113,3,Uncertain,0,none,R6,eligible_low_risk_review,Tier 3 with no Tier 1 rule hits; one soft suspicion rule only
4581_114,114,3,Uncertain,0,none,R6,eligible_low_risk_review,Tier 3 with no Tier 1 rule hits; one soft suspicion rule only
4581_1140,1140,3,Uncertain,0,none,R6,eligible_low_risk_review,Tier 3 with no Tier 1 rule hits; one soft suspicion rule only
4581_1147,1147,3,Uncertain,0,none,R6,eligible_low_risk_review,Tier 3 with no Tier 1 rule hits; one soft suspicion rule only
4581_1150,1150,3,Uncertain,0,none,R6,eligible_low_risk_review,Tier 3 with no Tier 1 rule hits; one soft suspicion rule only
4581_1152,1152,3,Uncertain,0,none,R6,eligible_low_risk_review,Tier 3 with no Tier 1 rule hits; one soft suspicion rule only
4581_1153,1153,3,Uncertain,0,none,R6,eligible_low_risk_review,Tier 3 with no Tier 1 rule hits; one soft suspicion rule only
4581_1155,1155,3,Uncertain,0,none,R6,eligible_low_risk_review,Tier 3 with no Tier 1 rule hits; one soft suspicion rule only
4581_1156,1156,3,Uncertain,0,none,R6,eligible_low_risk_review,Tier 3 with no Tier 1 rule hits; one soft suspicion rule only
4581_1158,1158,3,Uncertain,0,none,R6,eligible_low_risk_review,Tier 3 with no Tier 1 rule hits; one soft suspicion rule only
4581_1160,1160,3,Uncertain,0,none,R6,eligible_low_risk_review,Tier 3 with no Tier 1 rule hits; one soft suspicion rule only
4581_1163,1163,3,Uncertain,0,none,R6,eligible_low_risk_review,Tier 3 with no Tier 1 rule hits; one soft suspicion rule only
4581_1165,1165,3,Uncertain,0,none,R6,eligible_low_risk_review,Tier 3 with no Tier 1 rule hits; one soft suspicion rule only
4581_1166,1166,3,Uncertain,0,none,R6,eligible_low_risk_review,Tier 3 with no Tier 1 rule hits; one soft suspicion rule only
4581_117,117,3,Uncertain,0,none,R6,eligible_low_risk_review,Tier 3 with no Tier 1 rule hits; one soft suspicion rule only
4581_1171,1171,3,Uncertain,0,none,R6,eligible_low_risk_review,Tier 3 with no Tier 1 rule hits; one soft suspicion rule only
4581_1174,1174,3,Uncertain,0,none,R6,eligible_low_risk_review,Tier 3 with no Tier 1 rule hits; one soft suspicion rule only
4581_1176,1176,3,Uncertain,0,none,R6,eligible_low_risk_review,Tier 3 with no Tier 1 rule hits; one soft suspicion rule only
4581_1177,1177,3,Uncertain,0,none,R6,eligible_low_risk_review,Tier 3 with no Tier 1 rule hits; one soft suspicion rule only
4581_1178,1178,3,Uncertain,0,none,R6,eligible_low_risk_review,Tier 3 with no Tier 1 rule hits; one soft suspicion rule only
4581_1183,1183,3,Uncertain,0,none,R6,eligible_low_risk_review,Tier 3 with no Tier 1 rule hits; one soft suspicion rule only
4581_119,119,3,Uncertain,0,none,R6,eligible_low_risk_review,Tier 3 with no Tier 1 rule hits; one soft suspicion rule only
4581_1190,1190,3,Uncertain,0,none,R6,eligible_low_risk_review,Tier 3 with no Tier 1 rule hits; one soft suspicion rule only
4581_1191,1191,3,Uncertain,0,none,R6,eligible_low_risk_review,Tier 3 with no Tier 1 rule hits; one soft suspicion rule only
4581_1193,1193,3,Uncertain,0,none,R6,eligible_low_risk_review,Tier 3 with no Tier 1 rule hits; one soft suspicion rule only
4581_1195,1195,3,Uncertain,0,none,R6,eligible_low_risk_review,Tier 3 with no Tier 1 rule hits; one soft suspicion rule only
4581_1197,1197,3,Uncertain,0,none,R6,eligible_low_risk_review,Tier 3 with no Tier 1 rule hits; one soft suspicion rule only
4581_1201,1201,3,Uncertain,0,none,R6,eligible_low_risk_review,Tier 3 with no Tier 1 rule hits; one soft suspicion rule only
4581_1203,1203,3,Uncertain,0,none,R6,eligible_low_risk_review,Tier 3 with no Tier 1 rule hits; one soft suspicion rule only
4581_1204,1204,3,Uncertain,0,none,R6,eligible_low_risk_review,Tier 3 with no Tier 1 rule hits; one soft suspicion rule only
4581_1207,1207,3,Uncertain,0,none,R6,eligible_low_risk_review,Tier 3 with no Tier 1 rule hits; one soft suspicion rule only
4581_1208,1208,3,Uncertain,0,none,R6,eligible_low_risk_review,Tier 3 with no Tier 1 rule hits; one soft suspicion rule only
4581_121,121,3,Uncertain,0,none,R6,eligible_low_risk_review,Tier 3 with no Tier 1 rule hits; one soft suspicion rule only
4581_1210,1210,3,Uncertain,0,none,R6,eligible_low_risk_review,Tier 3 with no Tier 1 rule hits; one soft suspicion rule only
4581_1211,1211,3,Uncertain,0,none,R6,eligible_low_risk_review,Tier 3 with no Tier 1 rule hits; one soft suspicion rule only
4581_1212,1212,3,Uncertain,0,none,R4,eligible_low_risk_review,Tier 3 with no Tier 1 rule hits; one soft suspicion rule only
4581_122,122,3,Uncertain,0,none,R6,eligible_low_risk_review,Tier 3 with no Tier 1 rule hits; one soft suspicion rule only
4581_1224,1224,3,Uncertain,0,none,R6,eligible_low_risk_review,Tier 3 with no Tier 1 rule hits; one soft suspicion rule only
4581_1227,1227,3,Uncertain,0,none,R6,eligible_low_risk_review,Tier 3 with no Tier 1 rule hits; one soft suspicion rule only
4581_1228,1228,3,Uncertain,0,none,R6,eligible_low_risk_review,Tier 3 with no Tier 1 rule hits; one soft suspicion rule only
4581_1229,1229,3,Uncertain,0,none,R6,eligible_low_risk_review,Tier 3 with no Tier 1 rule hits; one soft suspicion rule only
4581_1233,1233,3,Uncertain,0,none,R6,eligible_low_risk_review,Tier 3 with no Tier 1 rule hits; one soft suspicion rule only
4581_1234,1234,3,Uncertain,0,none,R6,eligible_low_risk_review,Tier 3 with no Tier 1 rule hits; one soft suspicion rule only
4581_1238,1238,3,Uncertain,0,none,R6,eligible_low_risk_review,Tier 3 with no Tier 1 rule hits; one soft suspicion rule only
4581_1239,1239,3,Uncertain,0,none,R6,eligible_low_risk_review,Tier 3 with no Tier 1 rule hits; one soft suspicion rule only
4581_1240,1240,3,Uncertain,0,none,R6,eligible_low_risk_review,Tier 3 with no Tier 1 rule hits; one soft suspicion rule only
4581_1241,1241,3,Uncertain,0,none,R6,eligible_low_risk_review,Tier 3 with no Tier 1 rule hits; one soft suspicion rule only
4581_1243,1243,3,Uncertain,0,none,R6,eligible_low_risk_review,Tier 3 with no Tier 1 rule hits; one soft suspicion rule only
4581_1244,1244,3,Uncertain,0,none,R6,eligible_low_risk_review,Tier 3 with no Tier 1 rule hits; one soft suspicion rule only
4581_1245,1245,3,Uncertain,0,none,R6,eligible_low_risk_review,Tier 3 with no Tier 1 rule hits; one soft suspicion rule only
4581_1248,1248,3,Uncertain,0,none,R6,eligible_low_risk_review,Tier 3 with no Tier 1 rule hits; one soft suspicion rule only
4581_1249,1249,3,Uncertain,0,none,R6,eligible_low_risk_review,Tier 3 with no Tier 1 rule hits; one soft suspicion rule only
4581_1251,1251,3,Uncertain,0,none,R6,eligible_low_risk_review,Tier 3 with no Tier 1 rule hits; one soft suspicion rule only
4581_1252,1252,3,Uncertain,0,none,R6,eligible_low_risk_review,Tier 3 with no Tier 1 rule hits; one soft suspicion rule only
4581_1253,1253,3,Uncertain,0,none,R6,eligible_low_risk_review,Tier 3 with no Tier 1 rule hits; one soft suspicion rule only
4581_1254,1254,3,Uncertain,0,none,R6,eligible_low_risk_review,Tier 3 with no Tier 1 rule hits; one soft suspicion rule only
4581_1255,1255,3,Uncertain,0,none,R6,eligible_low_risk_review,Tier 3 with no Tier 1 rule hits; one soft suspicion rule only
4581_1256,1256,3,Uncertain,0,none,R6,eligible_low_risk_review,Tier 3 with no Tier 1 rule hits; one soft suspicion rule only
4581_1258,1258,3,Uncertain,0,none,R6,eligible_low_risk_review,Tier 3 with no Tier 1 rule hits; one soft suspicion rule only
4581_1261,1261,3,Uncertain,0,none,R6,eligible_low_risk_review,Tier 3 with no Tier 1 rule hits; one soft suspicion rule only
4581_1262,1262,3,Uncertain,0,none,R6,eligible_low_risk_review,Tier 3 with no Tier 1 rule hits; one soft suspicion rule only
4581_1263,1263,3,Uncertain,0,none,R6,eligible_low_risk_review,Tier 3 with no Tier 1 rule hits; one soft suspicion rule only
4581_1265,1265,3,Uncertain,0,none,R6,eligible_low_risk_review,Tier 3 with no Tier 1 rule hits; one soft suspicion rule only
4581_1267,1267,3,Uncertain,0,none,R6,eligible_low_risk_review,Tier 3 with no Tier 1 rule hits; one soft suspicion rule only
4581_127,127,3,Uncertain,0,none,R6,eligible_low_risk_review,Tier 3 with no Tier 1 rule hits; one soft suspicion rule only
4581_128,128,3,Uncertain,0,none,R6,eligible_low_risk_review,Tier 3 with no Tier 1 rule hits; one soft suspicion rule only
4581_1286,1286,3,Uncertain,0,none,R6,eligible_low_risk_review,Tier 3 with no Tier 1 rule hits; one soft suspicion rule only
4581_1289,1289,3,Uncertain,0,none,R6,eligible_low_risk_review,Tier 3 with no Tier 1 rule hits; one soft suspicion rule only
4581_1290,1290,3,Uncertain,0,none,R6,eligible_low_risk_review,Tier 3 with no Tier 1 rule hits; one soft suspicion rule only
4581_1291,1291,3,Uncertain,0,none,R6,eligible_low_risk_review,Tier 3 with no Tier 1 rule hits; one soft suspicion rule only
4581_1294,1294,3,Uncertain,0,none,R6,eligible_low_risk_review,Tier 3 with no Tier 1 rule hits; one soft suspicion rule only
4581_1296,1296,3,Uncertain,0,none,R6,eligible_low_risk_review,Tier 3 with no Tier 1 rule hits; one soft suspicion rule only
4581_1298,1298,3,Uncertain,0,none,R6,eligible_low_risk_review,Tier 3 with no Tier 1 rule hits; one soft suspicion rule only
4581_1305,1305,3,Uncertain,0,none,R6,eligible_low_risk_review,Tier 3 with no Tier 1 rule hits; one soft suspicion rule only
4581_1307,1307,3,Uncertain,0,none,R6,eligible_low_risk_review,Tier 3 with no Tier 1 rule hits; one soft suspicion rule only
4581_1308,1308,3,Uncertain,0,none,R6,eligible_low_risk_review,Tier 3 with no Tier 1 rule hits; one soft suspicion rule only
4581_1309,1309,3,Uncertain,0,none,R6,eligible_low_risk_review,Tier 3 with no Tier 1 rule hits; one soft suspicion rule only
4581_1312,1312,3,Uncertain,0,none,R6,eligible_low_risk_review,Tier 3 with no Tier 1 rule hits; one soft suspicion rule only
4581_1313,1313,3,Uncertain,0,none,R6,eligible_low_risk_review,Tier 3 with no Tier 1 rule hits; one soft suspicion rule only
4581_1317,1317,3,Uncertain,0,none,R6,eligible_low_risk_review,Tier 3 with no Tier 1 rule hits; one soft suspicion rule only
4581_132,132,3,Uncertain,0,none,R6,eligible_low_risk_review,Tier 3 with no Tier 1 rule hits; one soft suspicion rule only
4581_1324,1324,3,Uncertain,0,none,R6,eligible_low_risk_review,Tier 3 with no Tier 1 rule hits; one soft suspicion rule only
4581_1329,1329,3,Uncertain,0,none,R6,eligible_low_risk_review,Tier 3 with no Tier 1 rule hits; one soft suspicion rule only
4581_1331,1331,3,Uncertain,0,none,R6,eligible_low_risk_review,Tier 3 with no Tier 1 rule hits; one soft suspicion rule only
4581_1333,1333,3,Uncertain,0,none,R6,eligible_low_risk_review,Tier 3 with no Tier 1 rule hits; one soft suspicion rule only
4581_1334,1334,3,Uncertain,0,none,R6,eligible_low_risk_review,Tier 3 with no Tier 1 rule hits; one soft suspicion rule only
4581_1335,1335,3,Uncertain,0,none,R6,eligible_low_risk_review,Tier 3 with no Tier 1 rule hits; one soft suspicion rule only
4581_1337,1337,3,Uncertain,0,none,R6,eligible_low_risk_review,Tier 3 with no Tier 1 rule hits; one soft suspicion rule only
4581_1339,1339,3,Uncertain,0,none,R6,eligible_low_risk_review,Tier 3 with no Tier 1 rule hits; one soft suspicion rule only
4581_1349,1349,3,Uncertain,0,none,R6,eligible_low_risk_review,Tier 3 with no Tier 1 rule hits; one soft suspicion rule only
4581_1350,1350,3,Uncertain,0,none,R6,eligible_low_risk_review,Tier 3 with no Tier 1 rule hits; one soft suspicion rule only
4581_1353,1353,3,Uncertain,0,none,R6,eligible_low_risk_review,Tier 3 with no Tier 1 rule hits; one soft suspicion rule only
4581_1359,1359,3,Uncertain,0,none,R6,eligible_low_risk_review,Tier 3 with no Tier 1 rule hits; one soft suspicion rule only
4581_136,136,3,Uncertain,0,none,R6,eligible_low_risk_review,Tier 3 with no Tier 1 rule hits; one soft suspicion rule only
4581_1361,1361,3,Uncertain,0,none,R6,eligible_low_risk_review,Tier 3 with no Tier 1 rule hits; one soft suspicion rule only
4581_1367,1367,3,Uncertain,0,none,R6,eligible_low_risk_review,Tier 3 with no Tier 1 rule hits; one soft suspicion rule only
4581_1370,1370,3,Uncertain,0,none,R6,eligible_low_risk_review,Tier 3 with no Tier 1 rule hits; one soft suspicion rule only
4581_1373,1373,3,Uncertain,0,none,R6,eligible_low_risk_review,Tier 3 with no Tier 1 rule hits; one soft suspicion rule only
4581_1377,1377,3,Uncertain,0,none,R6,eligible_low_risk_review,Tier 3 with no Tier 1 rule hits; one soft suspicion rule only
4581_1380,1380,3,Uncertain,0,none,R6,eligible_low_risk_review,Tier 3 with no Tier 1 rule hits; one soft suspicion rule only
4581_1382,1382,3,Uncertain,0,none,R6,eligible_low_risk_review,Tier 3 with no Tier 1 rule hits; one soft suspicion rule only
4581_1389,1389,3,Uncertain,0,none,R6,eligible_low_risk_review,Tier 3 with no Tier 1 rule hits; one soft suspicion rule only
4581_139,139,3,Uncertain,0,none,R6,eligible_low_risk_review,Tier 3 with no Tier 1 rule hits; one soft suspicion rule only
4581_1391,1391,3,Uncertain,0,none,R6,eligible_low_risk_review,Tier 3 with no Tier 1 rule hits; one soft suspicion rule only
4581_1392,1392,3,Uncertain,0,none,R6,eligible_low_risk_review,Tier 3 with no Tier 1 rule hits; one soft suspicion rule only
4581_1394,1394,3,Uncertain,0,none,R6,eligible_low_risk_review,Tier 3 with no Tier 1 rule hits; one soft suspicion rule only
4581_1399,1399,3,Uncertain,0,none,R6,eligible_low_risk_review,Tier 3 with no Tier 1 rule hits; one soft suspicion rule only
4581_140,140,3,Uncertain,0,none,R6,eligible_low_risk_review,Tier 3 with no Tier 1 rule hits; one soft suspicion rule only
4581_1400,1400,3,Uncertain,0,none,R6,eligible_low_risk_review,Tier 3 with no Tier 1 rule hits; one soft suspicion rule only
4581_1401,1401,3,Uncertain,0,none,R6,eligible_low_risk_review,Tier 3 with no Tier 1 rule hits; one soft suspicion rule only
4581_1411,1411,3,Uncertain,0,none,R6,eligible_low_risk_review,Tier 3 with no Tier 1 rule hits; one soft suspicion rule only
4581_1413,1413,3,Uncertain,0,none,R6,eligible_low_risk_review,Tier 3 with no Tier 1 rule hits; one soft suspicion rule only
4581_1416,1416,3,Uncertain,0,none,R6,eligible_low_risk_review,Tier 3 with no Tier 1 rule hits; one soft suspicion rule only
4581_1417,1417,3,Uncertain,0,none,R6,eligible_low_risk_review,Tier 3 with no Tier 1 rule hits; one soft suspicion rule only
4581_1418,1418,3,Uncertain,0,none,R6,eligible_low_risk_review,Tier 3 with no Tier 1 rule hits; one soft suspicion rule only
4581_1421,1421,3,Uncertain,0,none,R6,eligible_low_risk_review,Tier 3 with no Tier 1 rule hits; one soft suspicion rule only
4581_1423,1423,3,Uncertain,0,none,R6,eligible_low_risk_review,Tier 3 with no Tier 1 rule hits; one soft suspicion rule only
4581_1427,1427,3,Uncertain,0,none,R6,eligible_low_risk_review,Tier 3 with no Tier 1 rule hits; one soft suspicion rule only
4581_1428,1428,3,Uncertain,0,none,R6,eligible_low_risk_review,Tier 3 with no Tier 1 rule hits; one soft suspicion rule only
4581_143,143,3,Uncertain,0,none,R6,eligible_low_risk_review,Tier 3 with no Tier 1 rule hits; one soft suspicion rule only
4581_1439,1439,3,Uncertain,0,none,R6,eligible_low_risk_review,Tier 3 with no Tier 1 rule hits; one soft suspicion rule only
4581_1442,1442,3,Uncertain,0,none,R6,eligible_low_risk_review,Tier 3 with no Tier 1 rule hits; one soft suspicion rule only
4581_1443,1443,3,Uncertain,0,none,R6,eligible_low_risk_review,Tier 3 with no Tier 1 rule hits; one soft suspicion rule only
4581_1447,1447,3,Uncertain,0,none,R6,eligible_low_risk_review,Tier 3 with no Tier 1 rule hits; one soft suspicion rule only
4581_1448,1448,3,Uncertain,0,none,R6,eligible_low_risk_review,Tier 3 with no Tier 1 rule hits; one soft suspicion rule only
4581_1451,1451,3,Uncertain,0,none,R6,eligible_low_risk_review,Tier 3 with no Tier 1 rule hits; one soft suspicion rule only
4581_1452,1452,3,Uncertain,0,none,R6,eligible_low_risk_review,Tier 3 with no Tier 1 rule hits; one soft suspicion rule only
4581_1458,1458,3,Uncertain,0,none,R6,eligible_low_risk_review,Tier 3 with no Tier 1 rule hits; one soft suspicion rule only
4581_146,146,3,Uncertain,0,none,R6,eligible_low_risk_review,Tier 3 with no Tier 1 rule hits; one soft suspicion rule only
4581_1460,1460,3,Uncertain,0,none,R6,eligible_low_risk_review,Tier 3 with no Tier 1 rule hits; one soft suspicion rule only
4581_1468,1468,3,Uncertain,0,none,R6,eligible_low_risk_review,Tier 3 with no Tier 1 rule hits; one soft suspicion rule only
4581_1471,1471,3,Uncertain,0,none,R6,eligible_low_risk_review,Tier 3 with no Tier 1 rule hits; one soft suspicion rule only
4581_1472,1472,3,Uncertain,0,none,R6,eligible_low_risk_review,Tier 3 with no Tier 1 rule hits; one soft suspicion rule only
4581_1473,1473,3,Uncertain,0,none,R6,eligible_low_risk_review,Tier 3 with no Tier 1 rule hits; one soft suspicion rule only
4581_1474,1474,3,Uncertain,0,none,R6,eligible_low_risk_review,Tier 3 with no Tier 1 rule hits; one soft suspicion rule only
4581_1475,1475,3,Uncertain,0,none,R6,eligible_low_risk_review,Tier 3 with no Tier 1 rule hits; one soft suspicion rule only
4581_1476,1476,3,Uncertain,0,none,R6,eligible_low_risk_review,Tier 3 with no Tier 1 rule hits; one soft suspicion rule only
4581_1479,1479,3,Uncertain,0,none,R6,eligible_low_risk_review,Tier 3 with no Tier 1 rule hits; one soft suspicion rule only
4581_148,148,3,Uncertain,0,none,R6,eligible_low_risk_review,Tier 3 with no Tier 1 rule hits; one soft suspicion rule only
4581_1480,1480,3,Uncertain,0,none,R6,eligible_low_risk_review,Tier 3 with no Tier 1 rule hits; one soft suspicion rule only
4581_1481,1481,3,Uncertain,0,none,R6,eligible_low_risk_review,Tier 3 with no Tier 1 rule hits; one soft suspicion rule only
4581_1482,1482,3,Uncertain,0,none,R6,eligible_low_risk_review,Tier 3 with no Tier 1 rule hits; one soft suspicion rule only
4581_1488,1488,3,Uncertain,0,none,R6,eligible_low_risk_review,Tier 3 with no Tier 1 rule hits; one soft suspicion rule only
4581_1489,1489,3,Uncertain,0,none,R6,eligible_low_risk_review,Tier 3 with no Tier 1 rule hits; one soft suspicion rule only
4581_1491,1491,3,Uncertain,0,none,R6,eligible_low_risk_review,Tier 3 with no Tier 1 rule hits; one soft suspicion rule only
4581_1493,1493,3,Uncertain,0,none,R6,eligible_low_risk_review,Tier 3 with no Tier 1 rule hits; one soft suspicion rule only
4581_1494,1494,3,Uncertain,0,none,R6,eligible_low_risk_review,Tier 3 with no Tier 1 rule hits; one soft suspicion rule only
4581_1502,1502,3,Uncertain,0,none,R6,eligible_low_risk_review,Tier 3 with no Tier 1 rule hits; one soft suspicion rule only
4581_1503,1503,3,Uncertain,0,none,R6,eligible_low_risk_review,Tier 3 with no Tier 1 rule hits; one soft suspicion rule only
4581_1506,1506,3,Uncertain,0,none,R6,eligible_low_risk_review,Tier 3 with no Tier 1 rule hits; one soft suspicion rule only
4581_1507,1507,3,Uncertain,0,none,R6,eligible_low_risk_review,Tier 3 with no Tier 1 rule hits; one soft suspicion rule only
4581_1519,1519,3,Uncertain,0,none,R6,eligible_low_risk_review,Tier 3 with no Tier 1 rule hits; one soft suspicion rule only
4581_1520,1520,3,Uncertain,0,none,R6,eligible_low_risk_review,Tier 3 with no Tier 1 rule hits; one soft suspicion rule only
4581_1522,1522,3,Uncertain,0,none,R6,eligible_low_risk_review,Tier 3 with no Tier 1 rule hits; one soft suspicion rule only
4581_1523,1523,3,Uncertain,0,none,R6,eligible_low_risk_review,Tier 3 with no Tier 1 rule hits; one soft suspicion rule only
4581_1525,1525,3,Uncertain,0,none,R6,eligible_low_risk_review,Tier 3 with no Tier 1 rule hits; one soft suspicion rule only
4581_153,153,3,Uncertain,0,none,R6,eligible_low_risk_review,Tier 3 with no Tier 1 rule hits; one soft suspicion rule only
4581_154,154,3,Uncertain,0,none,R6,eligible_low_risk_review,Tier 3 with no Tier 1 rule hits; one soft suspicion rule only
4581_1547,1547,3,Uncertain,0,none,R3,eligible_low_risk_review,Tier 3 with no Tier 1 rule hits; one soft suspicion rule only
4581_155,155,3,Uncertain,0,none,R6,eligible_low_risk_review,Tier 3 with no Tier 1 rule hits; one soft suspicion rule only
4581_1555,1555,3,Uncertain,0,none,R6,eligible_low_risk_review,Tier 3 with no Tier 1 rule hits; one soft suspicion rule only
4581_1558,1558,3,Uncertain,0,none,R6,eligible_low_risk_review,Tier 3 with no Tier 1 rule hits; one soft suspicion rule only
4581_1559,1559,3,Uncertain,0,none,R6,eligible_low_risk_review,Tier 3 with no Tier 1 rule hits; one soft suspicion rule only
4581_156,156,3,Uncertain,0,none,R6,eligible_low_risk_review,Tier 3 with no Tier 1 rule hits; one soft suspicion rule only
4581_1560,1560,3,Uncertain,0,none,R6,eligible_low_risk_review,Tier 3 with no Tier 1 rule hits; one soft suspicion rule only
4581_1562,1562,3,Uncertain,0,none,R6,eligible_low_risk_review,Tier 3 with no Tier 1 rule hits; one soft suspicion rule only
4581_1564,1564,3,Uncertain,0,none,R6,eligible_low_risk_review,Tier 3 with no Tier 1 rule hits; one soft suspicion rule only
4581_1565,1565,3,Uncertain,0,none,R6,eligible_low_risk_review,Tier 3 with no Tier 1 rule hits; one soft suspicion rule only
4581_1566,1566,3,Uncertain,0,none,R6,eligible_low_risk_review,Tier 3 with no Tier 1 rule hits; one soft suspicion rule only
4581_1567,1567,3,Uncertain,0,none,R6,eligible_low_risk_review,Tier 3 with no Tier 1 rule hits; one soft suspicion rule only
4581_1568,1568,3,Uncertain,0,none,R6,eligible_low_risk_review,Tier 3 with no Tier 1 rule hits; one soft suspicion rule only
4581_1572,1572,3,Uncertain,0,none,R6,eligible_low_risk_review,Tier 3 with no Tier 1 rule hits; one soft suspicion rule only
4581_1574,1574,3,Uncertain,0,none,R6,eligible_low_risk_review,Tier 3 with no Tier 1 rule hits; one soft suspicion rule only
4581_1575,1575,3,Uncertain,0,none,R6,eligible_low_risk_review,Tier 3 with no Tier 1 rule hits; one soft suspicion rule only
4581_1577,1577,3,Uncertain,0,none,R6,eligible_low_risk_review,Tier 3 with no Tier 1 rule hits; one soft suspicion rule only
4581_1578,1578,3,Uncertain,0,none,R6,eligible_low_risk_review,Tier 3 with no Tier 1 rule hits; one soft suspicion rule only
4581_1580,1580,3,Uncertain,0,none,R6,eligible_low_risk_review,Tier 3 with no Tier 1 rule hits; one soft suspicion rule only
4581_1584,1584,3,Uncertain,0,none,R6,eligible_low_risk_review,Tier 3 with no Tier 1 rule hits; one soft suspicion rule only
4581_1586,1586,3,Uncertain,0,none,R6,eligible_low_risk_review,Tier 3 with no Tier 1 rule hits; one soft suspicion rule only
4581_1589,1589,3,Uncertain,0,none,R6,eligible_low_risk_review,Tier 3 with no Tier 1 rule hits; one soft suspicion rule only
4581_1590,1590,3,Uncertain,0,none,R6,eligible_low_risk_review,Tier 3 with no Tier 1 rule hits; one soft suspicion rule only
4581_1594,1594,3,Uncertain,0,none,R6,eligible_low_risk_review,Tier 3 with no Tier 1 rule hits; one soft suspicion rule only
4581_1596,1596,3,Uncertain,0,none,R6,eligible_low_risk_review,Tier 3 with no Tier 1 rule hits; one soft suspicion rule only
4581_160,160,3,Uncertain,0,none,R6,eligible_low_risk_review,Tier 3 with no Tier 1 rule hits; one soft suspicion rule only
4581_1601,1601,3,Uncertain,0,none,R6,eligible_low_risk_review,Tier 3 with no Tier 1 rule hits; one soft suspicion rule only
4581_1603,1603,3,Uncertain,0,none,R6,eligible_low_risk_review,Tier 3 with no Tier 1 rule hits; one soft suspicion rule only
4581_1604,1604,3,Uncertain,0,none,R6,eligible_low_risk_review,Tier 3 with no Tier 1 rule hits; one soft suspicion rule only
4581_1606,1606,3,Uncertain,0,none,R6,eligible_low_risk_review,Tier 3 with no Tier 1 rule hits; one soft suspicion rule only
4581_1609,1609,3,Uncertain,0,none,R6,eligible_low_risk_review,Tier 3 with no Tier 1 rule hits; one soft suspicion rule only
4581_1610,1610,3,Uncertain,0,none,R6,eligible_low_risk_review,Tier 3 with no Tier 1 rule hits; one soft suspicion rule only
4581_1613,1613,3,Uncertain,0,none,R6,eligible_low_risk_review,Tier 3 with no Tier 1 rule hits; one soft suspicion rule only
4581_1614,1614,3,Uncertain,0,none,R6,eligible_low_risk_review,Tier 3 with no Tier 1 rule hits; one soft suspicion rule only
4581_1615,1615,3,Uncertain,0,none,R6,eligible_low_risk_review,Tier 3 with no Tier 1 rule hits; one soft suspicion rule only
4581_1619,1619,3,Uncertain,0,none,R6,eligible_low_risk_review,Tier 3 with no Tier 1 rule hits; one soft suspicion rule only
4581_162,162,3,Uncertain,0,none,R6,eligible_low_risk_review,Tier 3 with no Tier 1 rule hits; one soft suspicion rule only
4581_1620,1620,3,Uncertain,0,none,R6,eligible_low_risk_review,Tier 3 with no Tier 1 rule hits; one soft suspicion rule only
4581_1622,1622,3,Uncertain,0,none,R6,eligible_low_risk_review,Tier 3 with no Tier 1 rule hits; one soft suspicion rule only
4581_1625,1625,3,Uncertain,0,none,R6,eligible_low_risk_review,Tier 3 with no Tier 1 rule hits; one soft suspicion rule only
4581_1630,1630,3,Uncertain,0,none,R6,eligible_low_risk_review,Tier 3 with no Tier 1 rule hits; one soft suspicion rule only
4581_1631,1631,3,Uncertain,0,none,R6,eligible_low_risk_review,Tier 3 with no Tier 1 rule hits; one soft suspicion rule only
4581_1632,1632,3,Uncertain,0,none,R6,eligible_low_risk_review,Tier 3 with no Tier 1 rule hits; one soft suspicion rule only
4581_1637,1637,3,Uncertain,0,none,R6,eligible_low_risk_review,Tier 3 with no Tier 1 rule hits; one soft suspicion rule only
4581_1638,1638,3,Uncertain,0,none,R6,eligible_low_risk_review,Tier 3 with no Tier 1 rule hits; one soft suspicion rule only
4581_1641,1641,3,Uncertain,0,none,R6,eligible_low_risk_review,Tier 3 with no Tier 1 rule hits; one soft suspicion rule only
4581_1643,1643,3,Uncertain,0,none,R6,eligible_low_risk_review,Tier 3 with no Tier 1 rule hits; one soft suspicion rule only
4581_1647,1647,3,Uncertain,0,none,R6,eligible_low_risk_review,Tier 3 with no Tier 1 rule hits; one soft suspicion rule only
4581_1649,1649,3,Uncertain,0,none,R6,eligible_low_risk_review,Tier 3 with no Tier 1 rule hits; one soft suspicion rule only
4581_165,165,3,Uncertain,0,none,R6,eligible_low_risk_review,Tier 3 with no Tier 1 rule hits; one soft suspicion rule only
4581_1650,1650,3,Uncertain,0,none,R6,eligible_low_risk_review,Tier 3 with no Tier 1 rule hits; one soft suspicion rule only
4581_1653,1653,3,Uncertain,0,none,R6,eligible_low_risk_review,Tier 3 with no Tier 1 rule hits; one soft suspicion rule only
4581_1656,1656,3,Uncertain,0,none,R6,eligible_low_risk_review,Tier 3 with no Tier 1 rule hits; one soft suspicion rule only
4581_1660,1660,3,Uncertain,0,none,R6,eligible_low_risk_review,Tier 3 with no Tier 1 rule hits; one soft suspicion rule only
4581_1666,1666,3,Uncertain,0,none,R6,eligible_low_risk_review,Tier 3 with no Tier 1 rule hits; one soft suspicion rule only
4581_1668,1668,3,Uncertain,0,none,R6,eligible_low_risk_review,Tier 3 with no Tier 1 rule hits; one soft suspicion rule only
4581_1669,1669,3,Uncertain,0,none,R6,eligible_low_risk_review,Tier 3 with no Tier 1 rule hits; one soft suspicion rule only
4581_1674,1674,3,Uncertain,0,none,R6,eligible_low_risk_review,Tier 3 with no Tier 1 rule hits; one soft suspicion rule only
4581_1677,1677,3,Uncertain,0,none,R3,eligible_low_risk_review,Tier 3 with no Tier 1 rule hits; one soft suspicion rule only
4581_168,168,3,Uncertain,0,none,R6,eligible_low_risk_review,Tier 3 with no Tier 1 rule hits; one soft suspicion rule only
4581_169,169,3,Uncertain,0,none,R6,eligible_low_risk_review,Tier 3 with no Tier 1 rule hits; one soft suspicion rule only
4581_1690,1690,3,Uncertain,0,none,R6,eligible_low_risk_review,Tier 3 with no Tier 1 rule hits; one soft suspicion rule only
4581_1691,1691,3,Uncertain,0,none,R6,eligible_low_risk_review,Tier 3 with no Tier 1 rule hits; one soft suspicion rule only
4581_1693,1693,3,Uncertain,0,none,R6,eligible_low_risk_review,Tier 3 with no Tier 1 rule hits; one soft suspicion rule only
4581_1694,1694,3,Uncertain,0,none,R6,eligible_low_risk_review,Tier 3 with no Tier 1 rule hits; one soft suspicion rule only
4581_1695,1695,3,Uncertain,0,none,R6,eligible_low_risk_review,Tier 3 with no Tier 1 rule hits; one soft suspicion rule only
4581_1697,1697,3,Uncertain,0,none,R6,eligible_low_risk_review,Tier 3 with no Tier 1 rule hits; one soft suspicion rule only
4581_170,170,3,Uncertain,0,none,R6,eligible_low_risk_review,Tier 3 with no Tier 1 rule hits; one soft suspicion rule only
4581_1703,1703,3,Uncertain,0,none,R6,eligible_low_risk_review,Tier 3 with no Tier 1 rule hits; one soft suspicion rule only
4581_1704,1704,3,Uncertain,0,none,R3,eligible_low_risk_review,Tier 3 with no Tier 1 rule hits; one soft suspicion rule only
4581_171,171,3,Uncertain,0,none,R6,eligible_low_risk_review,Tier 3 with no Tier 1 rule hits; one soft suspicion rule only
4581_1710,1710,3,Uncertain,0,none,R6,eligible_low_risk_review,Tier 3 with no Tier 1 rule hits; one soft suspicion rule only
4581_1711,1711,3,Uncertain,0,none,R6,eligible_low_risk_review,Tier 3 with no Tier 1 rule hits; one soft suspicion rule only
4581_172,172,3,Uncertain,0,none,R6,eligible_low_risk_review,Tier 3 with no Tier 1 rule hits; one soft suspicion rule only
4581_1724,1724,3,Uncertain,0,none,R4,eligible_low_risk_review,Tier 3 with no Tier 1 rule hits; one soft suspicion rule only
4581_1730,1730,3,Uncertain,0,none,R6,eligible_low_risk_review,Tier 3 with no Tier 1 rule hits; one soft suspicion rule only
4581_1731,1731,3,Uncertain,0,none,R3,eligible_low_risk_review,Tier 3 with no Tier 1 rule hits; one soft suspicion rule only
4581_1736,1736,3,Uncertain,0,none,R6,eligible_low_risk_review,Tier 3 with no Tier 1 rule hits; one soft suspicion rule only
4581_1737,1737,3,Uncertain,0,none,R6,eligible_low_risk_review,Tier 3 with no Tier 1 rule hits; one soft suspicion rule only
4581_1738,1738,3,Uncertain,0,none,R6,eligible_low_risk_review,Tier 3 with no Tier 1 rule hits; one soft suspicion rule only
4581_1739,1739,3,Uncertain,0,none,R6,eligible_low_risk_review,Tier 3 with no Tier 1 rule hits; one soft suspicion rule only
4581_174,174,3,Uncertain,0,none,R6,eligible_low_risk_review,Tier 3 with no Tier 1 rule hits; one soft suspicion rule only
4581_1740,1740,3,Uncertain,0,none,R6,eligible_low_risk_review,Tier 3 with no Tier 1 rule hits; one soft suspicion rule only
4581_1742,1742,3,Uncertain,0,none,R6,eligible_low_risk_review,Tier 3 with no Tier 1 rule hits; one soft suspicion rule only
4581_1743,1743,3,Uncertain,0,none,R6,eligible_low_risk_review,Tier 3 with no Tier 1 rule hits; one soft suspicion rule only
4581_1744,1744,3,Uncertain,0,none,R6,eligible_low_risk_review,Tier 3 with no Tier 1 rule hits; one soft suspicion rule only
4581_1746,1746,3,Uncertain,0,none,R6,eligible_low_risk_review,Tier 3 with no Tier 1 rule hits; one soft suspicion rule only
4581_1747,1747,3,Uncertain,0,none,R6,eligible_low_risk_review,Tier 3 with no Tier 1 rule hits; one soft suspicion rule only
4581_1750,1750,3,Uncertain,0,none,R6,eligible_low_risk_review,Tier 3 with no Tier 1 rule hits; one soft suspicion rule only
4581_1751,1751,3,Uncertain,0,none,R6,eligible_low_risk_review,Tier 3 with no Tier 1 rule hits; one soft suspicion rule only
4581_1753,1753,3,Uncertain,0,none,R6,eligible_low_risk_review,Tier 3 with no Tier 1 rule hits; one soft suspicion rule only
4581_1755,1755,3,Uncertain,0,none,R6,eligible_low_risk_review,Tier 3 with no Tier 1 rule hits; one soft suspicion rule only
4581_176,176,3,Uncertain,0,none,R6,eligible_low_risk_review,Tier 3 with no Tier 1 rule hits; one soft suspicion rule only
4581_1766,1766,3,Uncertain,0,none,R6,eligible_low_risk_review,Tier 3 with no Tier 1 rule hits; one soft suspicion rule only
4581_177,177,3,Uncertain,0,none,R6,eligible_low_risk_review,Tier 3 with no Tier 1 rule hits; one soft suspicion rule only
4581_1770,1770,3,Uncertain,0,none,R6,eligible_low_risk_review,Tier 3 with no Tier 1 rule hits; one soft suspicion rule only
4581_184,184,3,Uncertain,0,none,R6,eligible_low_risk_review,Tier 3 with no Tier 1 rule hits; one soft suspicion rule only
4581_186,186,3,Uncertain,0,none,R6,eligible_low_risk_review,Tier 3 with no Tier 1 rule hits; one soft suspicion rule only
4581_188,188,3,Uncertain,0,none,R6,eligible_low_risk_review,Tier 3 with no Tier 1 rule hits; one soft suspicion rule only
4581_191,191,3,Uncertain,0,none,R6,eligible_low_risk_review,Tier 3 with no Tier 1 rule hits; one soft suspicion rule only
4581_192,192,3,Uncertain,0,none,R6,eligible_low_risk_review,Tier 3 with no Tier 1 rule hits; one soft suspicion rule only
4581_194,194,3,Uncertain,0,none,R6,eligible_low_risk_review,Tier 3 with no Tier 1 rule hits; one soft suspicion rule only
4581_197,197,3,Uncertain,0,none,R6,eligible_low_risk_review,Tier 3 with no Tier 1 rule hits; one soft suspicion rule only
4581_198,198,3,Uncertain,0,none,R6,eligible_low_risk_review,Tier 3 with no Tier 1 rule hits; one soft suspicion rule only
4581_199,199,3,Uncertain,0,none,R6,eligible_low_risk_review,Tier 3 with no Tier 1 rule hits; one soft suspicion rule only
4581_201,201,3,Uncertain,0,none,R6,eligible_low_risk_review,Tier 3 with no Tier 1 rule hits; one soft suspicion rule only
4581_202,202,3,Uncertain,0,none,R6,eligible_low_risk_review,Tier 3 with no Tier 1 rule hits; one soft suspicion rule only
4581_208,208,3,Uncertain,0,none,R6,eligible_low_risk_review,Tier 3 with no Tier 1 rule hits; one soft suspicion rule only
4581_209,209,3,Uncertain,0,none,R6,eligible_low_risk_review,Tier 3 with no Tier 1 rule hits; one soft suspicion rule only
4581_213,213,3,Uncertain,0,none,R6,eligible_low_risk_review,Tier 3 with no Tier 1 rule hits; one soft suspicion rule only
4581_214,214,3,Uncertain,0,none,R6,eligible_low_risk_review,Tier 3 with no Tier 1 rule hits; one soft suspicion rule only
4581_218,218,3,Uncertain,0,none,R6,eligible_low_risk_review,Tier 3 with no Tier 1 rule hits; one soft suspicion rule only
4581_221,221,3,Uncertain,0,none,R6,eligible_low_risk_review,Tier 3 with no Tier 1 rule hits; one soft suspicion rule only
4581_224,224,3,Uncertain,0,none,R6,eligible_low_risk_review,Tier 3 with no Tier 1 rule hits; one soft suspicion rule only
4581_228,228,3,Uncertain,0,none,R6,eligible_low_risk_review,Tier 3 with no Tier 1 rule hits; one soft suspicion rule only
4581_230,230,3,Uncertain,0,none,R6,eligible_low_risk_review,Tier 3 with no Tier 1 rule hits; one soft suspicion rule only
4581_232,232,3,Uncertain,0,none,R6,eligible_low_risk_review,Tier 3 with no Tier 1 rule hits; one soft suspicion rule only
4581_233,233,3,Uncertain,0,none,R6,eligible_low_risk_review,Tier 3 with no Tier 1 rule hits; one soft suspicion rule only
4581_236,236,3,Uncertain,0,none,R6,eligible_low_risk_review,Tier 3 with no Tier 1 rule hits; one soft suspicion rule only
4581_239,239,3,Uncertain,0,none,R6,eligible_low_risk_review,Tier 3 with no Tier 1 rule hits; one soft suspicion rule only
4581_240,240,3,Uncertain,0,none,R6,eligible_low_risk_review,Tier 3 with no Tier 1 rule hits; one soft suspicion rule only
4581_243,243,3,Uncertain,0,none,R6,eligible_low_risk_review,Tier 3 with no Tier 1 rule hits; one soft suspicion rule only
4581_245,245,3,Uncertain,0,none,R6,eligible_low_risk_review,Tier 3 with no Tier 1 rule hits; one soft suspicion rule only
4581_246,246,3,Uncertain,0,none,R6,eligible_low_risk_review,Tier 3 with no Tier 1 rule hits; one soft suspicion rule only
4581_251,251,3,Uncertain,0,none,R6,eligible_low_risk_review,Tier 3 with no Tier 1 rule hits; one soft suspicion rule only
4581_253,253,3,Uncertain,0,none,R6,eligible_low_risk_review,Tier 3 with no Tier 1 rule hits; one soft suspicion rule only
4581_254,254,3,Uncertain,0,none,R6,eligible_low_risk_review,Tier 3 with no Tier 1 rule hits; one soft suspicion rule only
4581_257,257,3,Uncertain,0,none,R6,eligible_low_risk_review,Tier 3 with no Tier 1 rule hits; one soft suspicion rule only
4581_259,259,3,Uncertain,0,none,R6,eligible_low_risk_review,Tier 3 with no Tier 1 rule hits; one soft suspicion rule only
4581_26,26,3,Uncertain,0,none,R4,eligible_low_risk_review,Tier 3 with no Tier 1 rule hits; one soft suspicion rule only
4581_260,260,3,Uncertain,0,none,R6,eligible_low_risk_review,Tier 3 with no Tier 1 rule hits; one soft suspicion rule only
4581_264,264,3,Uncertain,0,none,R6,eligible_low_risk_review,Tier 3 with no Tier 1 rule hits; one soft suspicion rule only
4581_266,266,3,Uncertain,0,none,R6,eligible_low_risk_review,Tier 3 with no Tier 1 rule hits; one soft suspicion rule only
4581_270,270,3,Uncertain,0,none,R6,eligible_low_risk_review,Tier 3 with no Tier 1 rule hits; one soft suspicion rule only
4581_271,271,3,Uncertain,0,none,R6,eligible_low_risk_review,Tier 3 with no Tier 1 rule hits; one soft suspicion rule only
4581_272,272,3,Uncertain,0,none,R6,eligible_low_risk_review,Tier 3 with no Tier 1 rule hits; one soft suspicion rule only
4581_274,274,3,Uncertain,0,none,R6,eligible_low_risk_review,Tier 3 with no Tier 1 rule hits; one soft suspicion rule only
4581_275,275,3,Uncertain,0,none,R6,eligible_low_risk_review,Tier 3 with no Tier 1 rule hits; one soft suspicion rule only
4581_277,277,3,Uncertain,0,none,R6,eligible_low_risk_review,Tier 3 with no Tier 1 rule hits; one soft suspicion rule only
4581_278,278,3,Uncertain,0,none,R6,eligible_low_risk_review,Tier 3 with no Tier 1 rule hits; one soft suspicion rule only
4581_279,279,3,Uncertain,0,none,R6,eligible_low_risk_review,Tier 3 with no Tier 1 rule hits; one soft suspicion rule only
4581_280,280,3,Uncertain,0,none,R6,eligible_low_risk_review,Tier 3 with no Tier 1 rule hits; one soft suspicion rule only
4581_281,281,3,Uncertain,0,none,R6,eligible_low_risk_review,Tier 3 with no Tier 1 rule hits; one soft suspicion rule only
4581_282,282,3,Uncertain,0,none,R6,eligible_low_risk_review,Tier 3 with no Tier 1 rule hits; one soft suspicion rule only
4581_284,284,3,Uncertain,0,none,R6,eligible_low_risk_review,Tier 3 with no Tier 1 rule hits; one soft suspicion rule only
4581_286,286,3,Uncertain,0,none,R6,eligible_low_risk_review,Tier 3 with no Tier 1 rule hits; one soft suspicion rule only
4581_287,287,3,Uncertain,0,none,R6,eligible_low_risk_review,Tier 3 with no Tier 1 rule hits; one soft suspicion rule only
4581_290,290,3,Uncertain,0,none,R6,eligible_low_risk_review,Tier 3 with no Tier 1 rule hits; one soft suspicion rule only
4581_291,291,3,Uncertain,0,none,R6,eligible_low_risk_review,Tier 3 with no Tier 1 rule hits; one soft suspicion rule only
4581_299,299,3,Uncertain,0,none,R6,eligible_low_risk_review,Tier 3 with no Tier 1 rule hits; one soft suspicion rule only
4581_3,3,3,Uncertain,0,none,R4,eligible_low_risk_review,Tier 3 with no Tier 1 rule hits; one soft suspicion rule only
4581_300,300,3,Uncertain,0,none,R6,eligible_low_risk_review,Tier 3 with no Tier 1 rule hits; one soft suspicion rule only
4581_301,301,3,Uncertain,0,none,R6,eligible_low_risk_review,Tier 3 with no Tier 1 rule hits; one soft suspicion rule only
4581_303,303,3,Uncertain,0,none,R6,eligible_low_risk_review,Tier 3 with no Tier 1 rule hits; one soft suspicion rule only
4581_305,305,3,Uncertain,0,none,R6,eligible_low_risk_review,Tier 3 with no Tier 1 rule hits; one soft suspicion rule only
4581_307,307,3,Uncertain,0,none,R6,eligible_low_risk_review,Tier 3 with no Tier 1 rule hits; one soft suspicion rule only
4581_308,308,3,Uncertain,0,none,R6,eligible_low_risk_review,Tier 3 with no Tier 1 rule hits; one soft suspicion rule only
4581_309,309,3,Uncertain,0,none,R6,eligible_low_risk_review,Tier 3 with no Tier 1 rule hits; one soft suspicion rule only
4581_310,310,3,Uncertain,0,none,R6,eligible_low_risk_review,Tier 3 with no Tier 1 rule hits; one soft suspicion rule only
4581_311,311,3,Uncertain,0,none,R6,eligible_low_risk_review,Tier 3 with no Tier 1 rule hits; one soft suspicion rule only
4581_312,312,3,Uncertain,0,none,R6,eligible_low_risk_review,Tier 3 with no Tier 1 rule hits; one soft suspicion rule only
4581_313,313,3,Uncertain,0,none,R6,eligible_low_risk_review,Tier 3 with no Tier 1 rule hits; one soft suspicion rule only
4581_315,315,3,Uncertain,0,none,R6,eligible_low_risk_review,Tier 3 with no Tier 1 rule hits; one soft suspicion rule only
4581_316,316,3,Uncertain,0,none,R6,eligible_low_risk_review,Tier 3 with no Tier 1 rule hits; one soft suspicion rule only
4581_318,318,3,Uncertain,0,none,R6,eligible_low_risk_review,Tier 3 with no Tier 1 rule hits; one soft suspicion rule only
4581_322,322,3,Uncertain,0,none,R6,eligible_low_risk_review,Tier 3 with no Tier 1 rule hits; one soft suspicion rule only
4581_324,324,3,Uncertain,0,none,R6,eligible_low_risk_review,Tier 3 with no Tier 1 rule hits; one soft suspicion rule only
4581_325,325,3,Uncertain,0,none,R6,eligible_low_risk_review,Tier 3 with no Tier 1 rule hits; one soft suspicion rule only
4581_327,327,3,Uncertain,0,none,R6,eligible_low_risk_review,Tier 3 with no Tier 1 rule hits; one soft suspicion rule only
4581_329,329,3,Uncertain,0,none,R6,eligible_low_risk_review,Tier 3 with no Tier 1 rule hits; one soft suspicion rule only
4581_331,331,3,Uncertain,0,none,R6,eligible_low_risk_review,Tier 3 with no Tier 1 rule hits; one soft suspicion rule only
4581_332,332,3,Uncertain,0,none,R6,eligible_low_risk_review,Tier 3 with no Tier 1 rule hits; one soft suspicion rule only
4581_334,334,3,Uncertain,0,none,R6,eligible_low_risk_review,Tier 3 with no Tier 1 rule hits; one soft suspicion rule only
4581_335,335,3,Uncertain,0,none,R6,eligible_low_risk_review,Tier 3 with no Tier 1 rule hits; one soft suspicion rule only
4581_342,342,3,Uncertain,0,none,R6,eligible_low_risk_review,Tier 3 with no Tier 1 rule hits; one soft suspicion rule only
4581_344,344,3,Uncertain,0,none,R6,eligible_low_risk_review,Tier 3 with no Tier 1 rule hits; one soft suspicion rule only
4581_345,345,3,Uncertain,0,none,R6,eligible_low_risk_review,Tier 3 with no Tier 1 rule hits; one soft suspicion rule only
4581_350,350,3,Uncertain,0,none,R6,eligible_low_risk_review,Tier 3 with no Tier 1 rule hits; one soft suspicion rule only
4581_351,351,3,Uncertain,0,none,R6,eligible_low_risk_review,Tier 3 with no Tier 1 rule hits; one soft suspicion rule only
4581_352,352,3,Uncertain,0,none,R6,eligible_low_risk_review,Tier 3 with no Tier 1 rule hits; one soft suspicion rule only
4581_354,354,3,Uncertain,0,none,R6,eligible_low_risk_review,Tier 3 with no Tier 1 rule hits; one soft suspicion rule only
4581_356,356,3,Uncertain,0,none,R6,eligible_low_risk_review,Tier 3 with no Tier 1 rule hits; one soft suspicion rule only
4581_358,358,3,Uncertain,0,none,R6,eligible_low_risk_review,Tier 3 with no Tier 1 rule hits; one soft suspicion rule only
4581_36,36,3,Uncertain,0,none,R4,eligible_low_risk_review,Tier 3 with no Tier 1 rule hits; one soft suspicion rule only
4581_366,366,3,Uncertain,0,none,R6,eligible_low_risk_review,Tier 3 with no Tier 1 rule hits; one soft suspicion rule only
4581_367,367,3,Uncertain,0,none,R6,eligible_low_risk_review,Tier 3 with no Tier 1 rule hits; one soft suspicion rule only
4581_368,368,3,Uncertain,0,none,R6,eligible_low_risk_review,Tier 3 with no Tier 1 rule hits; one soft suspicion rule only
4581_37,37,3,Uncertain,0,none,R4,eligible_low_risk_review,Tier 3 with no Tier 1 rule hits; one soft suspicion rule only
4581_385,385,3,Uncertain,0,none,R6,eligible_low_risk_review,Tier 3 with no Tier 1 rule hits; one soft suspicion rule only
4581_387,387,3,Uncertain,0,none,R6,eligible_low_risk_review,Tier 3 with no Tier 1 rule hits; one soft suspicion rule only
4581_39,39,3,Uncertain,0,none,R4,eligible_low_risk_review,Tier 3 with no Tier 1 rule hits; one soft suspicion rule only
4581_391,391,3,Uncertain,0,none,R6,eligible_low_risk_review,Tier 3 with no Tier 1 rule hits; one soft suspicion rule only
4581_392,392,3,Uncertain,0,none,R6,eligible_low_risk_review,Tier 3 with no Tier 1 rule hits; one soft suspicion rule only
4581_397,397,3,Uncertain,0,none,R6,eligible_low_risk_review,Tier 3 with no Tier 1 rule hits; one soft suspicion rule only
4581_40,40,3,Uncertain,0,none,R4,eligible_low_risk_review,Tier 3 with no Tier 1 rule hits; one soft suspicion rule only
4581_400,400,3,Uncertain,0,none,R6,eligible_low_risk_review,Tier 3 with no Tier 1 rule hits; one soft suspicion rule only
4581_401,401,3,Uncertain,0,none,R6,eligible_low_risk_review,Tier 3 with no Tier 1 rule hits; one soft suspicion rule only
4581_406,406,3,Uncertain,0,none,R6,eligible_low_risk_review,Tier 3 with no Tier 1 rule hits; one soft suspicion rule only
4581_411,411,3,Uncertain,0,none,R6,eligible_low_risk_review,Tier 3 with no Tier 1 rule hits; one soft suspicion rule only
4581_412,412,3,Uncertain,0,none,R6,eligible_low_risk_review,Tier 3 with no Tier 1 rule hits; one soft suspicion rule only
4581_417,417,3,Uncertain,0,none,R6,eligible_low_risk_review,Tier 3 with no Tier 1 rule hits; one soft suspicion rule only
4581_419,419,3,Uncertain,0,none,R6,eligible_low_risk_review,Tier 3 with no Tier 1 rule hits; one soft suspicion rule only
4581_420,420,3,Uncertain,0,none,R6,eligible_low_risk_review,Tier 3 with no Tier 1 rule hits; one soft suspicion rule only
4581_423,423,3,Uncertain,0,none,R6,eligible_low_risk_review,Tier 3 with no Tier 1 rule hits; one soft suspicion rule only
4581_429,429,3,Uncertain,0,none,R4,eligible_low_risk_review,Tier 3 with no Tier 1 rule hits; one soft suspicion rule only
4581_43,43,3,Uncertain,0,none,R3,eligible_low_risk_review,Tier 3 with no Tier 1 rule hits; one soft suspicion rule only
4581_430,430,3,Uncertain,0,none,R6,eligible_low_risk_review,Tier 3 with no Tier 1 rule hits; one soft suspicion rule only
4581_433,433,3,Uncertain,0,none,R6,eligible_low_risk_review,Tier 3 with no Tier 1 rule hits; one soft suspicion rule only
4581_434,434,3,Uncertain,0,none,R6,eligible_low_risk_review,Tier 3 with no Tier 1 rule hits; one soft suspicion rule only
4581_435,435,3,Uncertain,0,none,R6,eligible_low_risk_review,Tier 3 with no Tier 1 rule hits; one soft suspicion rule only
4581_436,436,3,Uncertain,0,none,R6,eligible_low_risk_review,Tier 3 with no Tier 1 rule hits; one soft suspicion rule only
4581_438,438,3,Uncertain,0,none,R6,eligible_low_risk_review,Tier 3 with no Tier 1 rule hits; one soft suspicion rule only
4581_439,439,3,Uncertain,0,none,R6,eligible_low_risk_review,Tier 3 with no Tier 1 rule hits; one soft suspicion rule only
4581_44,44,3,Uncertain,0,none,R4,eligible_low_risk_review,Tier 3 with no Tier 1 rule hits; one soft suspicion rule only
4581_441,441,3,Uncertain,0,none,R6,eligible_low_risk_review,Tier 3 with no Tier 1 rule hits; one soft suspicion rule only
4581_443,443,3,Uncertain,0,none,R6,eligible_low_risk_review,Tier 3 with no Tier 1 rule hits; one soft suspicion rule only
4581_444,444,3,Uncertain,0,none,R6,eligible_low_risk_review,Tier 3 with no Tier 1 rule hits; one soft suspicion rule only
4581_446,446,3,Uncertain,0,none,R6,eligible_low_risk_review,Tier 3 with no Tier 1 rule hits; one soft suspicion rule only
4581_447,447,3,Uncertain,0,none,R6,eligible_low_risk_review,Tier 3 with no Tier 1 rule hits; one soft suspicion rule only
4581_448,448,3,Uncertain,0,none,R6,eligible_low_risk_review,Tier 3 with no Tier 1 rule hits; one soft suspicion rule only
4581_449,449,3,Uncertain,0,none,R6,eligible_low_risk_review,Tier 3 with no Tier 1 rule hits; one soft suspicion rule only
4581_454,454,3,Uncertain,0,none,R6,eligible_low_risk_review,Tier 3 with no Tier 1 rule hits; one soft suspicion rule only
4581_457,457,3,Uncertain,0,none,R6,eligible_low_risk_review,Tier 3 with no Tier 1 rule hits; one soft suspicion rule only
4581_458,458,3,Uncertain,0,none,R6,eligible_low_risk_review,Tier 3 with no Tier 1 rule hits; one soft suspicion rule only
4581_460,460,3,Uncertain,0,none,R6,eligible_low_risk_review,Tier 3 with no Tier 1 rule hits; one soft suspicion rule only
4581_461,461,3,Uncertain,0,none,R6,eligible_low_risk_review,Tier 3 with no Tier 1 rule hits; one soft suspicion rule only
4581_463,463,3,Uncertain,0,none,R6,eligible_low_risk_review,Tier 3 with no Tier 1 rule hits; one soft suspicion rule only
4581_466,466,3,Uncertain,0,none,R6,eligible_low_risk_review,Tier 3 with no Tier 1 rule hits; one soft suspicion rule only
4581_467,467,3,Uncertain,0,none,R6,eligible_low_risk_review,Tier 3 with no Tier 1 rule hits; one soft suspicion rule only
4581_468,468,3,Uncertain,0,none,R6,eligible_low_risk_review,Tier 3 with no Tier 1 rule hits; one soft suspicion rule only
4581_471,471,3,Uncertain,0,none,R6,eligible_low_risk_review,Tier 3 with no Tier 1 rule hits; one soft suspicion rule only
4581_473,473,3,Uncertain,0,none,R6,eligible_low_risk_review,Tier 3 with no Tier 1 rule hits; one soft suspicion rule only
4581_475,475,3,Uncertain,0,none,R6,eligible_low_risk_review,Tier 3 with no Tier 1 rule hits; one soft suspicion rule only
4581_476,476,3,Uncertain,0,none,R6,eligible_low_risk_review,Tier 3 with no Tier 1 rule hits; one soft suspicion rule only
4581_477,477,3,Uncertain,0,none,R6,eligible_low_risk_review,Tier 3 with no Tier 1 rule hits; one soft suspicion rule only
4581_482,482,3,Uncertain,0,none,R6,eligible_low_risk_review,Tier 3 with no Tier 1 rule hits; one soft suspicion rule only
4581_487,487,3,Uncertain,0,none,R6,eligible_low_risk_review,Tier 3 with no Tier 1 rule hits; one soft suspicion rule only
4581_489,489,3,Uncertain,0,none,R6,eligible_low_risk_review,Tier 3 with no Tier 1 rule hits; one soft suspicion rule only
4581_493,493,3,Uncertain,0,none,R6,eligible_low_risk_review,Tier 3 with no Tier 1 rule hits; one soft suspicion rule only
4581_494,494,3,Uncertain,0,none,R6,eligible_low_risk_review,Tier 3 with no Tier 1 rule hits; one soft suspicion rule only
4581_495,495,3,Uncertain,0,none,R6,eligible_low_risk_review,Tier 3 with no Tier 1 rule hits; one soft suspicion rule only
4581_496,496,3,Uncertain,0,none,R6,eligible_low_risk_review,Tier 3 with no Tier 1 rule hits; one soft suspicion rule only
4581_497,497,3,Uncertain,0,none,R6,eligible_low_risk_review,Tier 3 with no Tier 1 rule hits; one soft suspicion rule only
4581_498,498,3,Uncertain,0,none,R6,eligible_low_risk_review,Tier 3 with no Tier 1 rule hits; one soft suspicion rule only
4581_499,499,3,Uncertain,0,none,R6,eligible_low_risk_review,Tier 3 with no Tier 1 rule hits; one soft suspicion rule only
4581_500,500,3,Uncertain,0,none,R6,eligible_low_risk_review,Tier 3 with no Tier 1 rule hits; one soft suspicion rule only
4581_501,501,3,Uncertain,0,none,R6,eligible_low_risk_review,Tier 3 with no Tier 1 rule hits; one soft suspicion rule only
4581_502,502,3,Uncertain,0,none,R6,eligible_low_risk_review,Tier 3 with no Tier 1 rule hits; one soft suspicion rule only
4581_503,503,3,Uncertain,0,none,R6,eligible_low_risk_review,Tier 3 with no Tier 1 rule hits; one soft suspicion rule only
4581_505,505,3,Uncertain,0,none,R6,eligible_low_risk_review,Tier 3 with no Tier 1 rule hits; one soft suspicion rule only
4581_508,508,3,Uncertain,0,none,R6,eligible_low_risk_review,Tier 3 with no Tier 1 rule hits; one soft suspicion rule only
4581_51,51,3,Uncertain,0,none,R4,eligible_low_risk_review,Tier 3 with no Tier 1 rule hits; one soft suspicion rule only
4581_510,510,3,Uncertain,0,none,R6,eligible_low_risk_review,Tier 3 with no Tier 1 rule hits; one soft suspicion rule only
4581_515,515,3,Uncertain,0,none,R6,eligible_low_risk_review,Tier 3 with no Tier 1 rule hits; one soft suspicion rule only
4581_516,516,3,Uncertain,0,none,R6,eligible_low_risk_review,Tier 3 with no Tier 1 rule hits; one soft suspicion rule only
4581_517,517,3,Uncertain,0,none,R6,eligible_low_risk_review,Tier 3 with no Tier 1 rule hits; one soft suspicion rule only
4581_519,519,3,Uncertain,0,none,R6,eligible_low_risk_review,Tier 3 with no Tier 1 rule hits; one soft suspicion rule only
4581_521,521,3,Uncertain,0,none,R6,eligible_low_risk_review,Tier 3 with no Tier 1 rule hits; one soft suspicion rule only
4581_523,523,3,Uncertain,0,none,R6,eligible_low_risk_review,Tier 3 with no Tier 1 rule hits; one soft suspicion rule only
4581_524,524,3,Uncertain,0,none,R6,eligible_low_risk_review,Tier 3 with no Tier 1 rule hits; one soft suspicion rule only
4581_525,525,3,Uncertain,0,none,R6,eligible_low_risk_review,Tier 3 with no Tier 1 rule hits; one soft suspicion rule only
4581_526,526,3,Uncertain,0,none,R6,eligible_low_risk_review,Tier 3 with no Tier 1 rule hits; one soft suspicion rule only
4581_53,53,3,Uncertain,0,none,R4,eligible_low_risk_review,Tier 3 with no Tier 1 rule hits; one soft suspicion rule only
4581_532,532,3,Uncertain,0,none,R6,eligible_low_risk_review,Tier 3 with no Tier 1 rule hits; one soft suspicion rule only
4581_534,534,3,Uncertain,0,none,R6,eligible_low_risk_review,Tier 3 with no Tier 1 rule hits; one soft suspicion rule only
4581_536,536,3,Uncertain,0,none,R6,eligible_low_risk_review,Tier 3 with no Tier 1 rule hits; one soft suspicion rule only
4581_539,539,3,Uncertain,0,none,R6,eligible_low_risk_review,Tier 3 with no Tier 1 rule hits; one soft suspicion rule only
4581_541,541,3,Uncertain,0,none,R6,eligible_low_risk_review,Tier 3 with no Tier 1 rule hits; one soft suspicion rule only
4581_542,542,3,Uncertain,0,none,R6,eligible_low_risk_review,Tier 3 with no Tier 1 rule hits; one soft suspicion rule only
4581_547,547,3,Uncertain,0,none,R6,eligible_low_risk_review,Tier 3 with no Tier 1 rule hits; one soft suspicion rule only
4581_550,550,3,Uncertain,0,none,R6,eligible_low_risk_review,Tier 3 with no Tier 1 rule hits; one soft suspicion rule only
4581_551,551,3,Uncertain,0,none,R6,eligible_low_risk_review,Tier 3 with no Tier 1 rule hits; one soft suspicion rule only
4581_552,552,3,Uncertain,0,none,R6,eligible_low_risk_review,Tier 3 with no Tier 1 rule hits; one soft suspicion rule only
4581_553,553,3,Uncertain,0,none,R6,eligible_low_risk_review,Tier 3 with no Tier 1 rule hits; one soft suspicion rule only
4581_555,555,3,Uncertain,0,none,R6,eligible_low_risk_review,Tier 3 with no Tier 1 rule hits; one soft suspicion rule only
4581_557,557,3,Uncertain,0,none,R6,eligible_low_risk_review,Tier 3 with no Tier 1 rule hits; one soft suspicion rule only
4581_563,563,3,Uncertain,0,none,R6,eligible_low_risk_review,Tier 3 with no Tier 1 rule hits; one soft suspicion rule only
4581_565,565,3,Uncertain,0,none,R6,eligible_low_risk_review,Tier 3 with no Tier 1 rule hits; one soft suspicion rule only
4581_569,569,3,Uncertain,0,none,R6,eligible_low_risk_review,Tier 3 with no Tier 1 rule hits; one soft suspicion rule only
4581_572,572,3,Uncertain,0,none,R6,eligible_low_risk_review,Tier 3 with no Tier 1 rule hits; one soft suspicion rule only
4581_573,573,3,Uncertain,0,none,R6,eligible_low_risk_review,Tier 3 with no Tier 1 rule hits; one soft suspicion rule only
4581_576,576,3,Uncertain,0,none,R6,eligible_low_risk_review,Tier 3 with no Tier 1 rule hits; one soft suspicion rule only
4581_577,577,3,Uncertain,0,none,R6,eligible_low_risk_review,Tier 3 with no Tier 1 rule hits; one soft suspicion rule only
4581_581,581,3,Uncertain,0,none,R6,eligible_low_risk_review,Tier 3 with no Tier 1 rule hits; one soft suspicion rule only
4581_583,583,3,Uncertain,0,none,R6,eligible_low_risk_review,Tier 3 with no Tier 1 rule hits; one soft suspicion rule only
4581_585,585,3,Uncertain,0,none,R6,eligible_low_risk_review,Tier 3 with no Tier 1 rule hits; one soft suspicion rule only
4581_586,586,3,Uncertain,0,none,R6,eligible_low_risk_review,Tier 3 with no Tier 1 rule hits; one soft suspicion rule only
4581_587,587,3,Uncertain,0,none,R6,eligible_low_risk_review,Tier 3 with no Tier 1 rule hits; one soft suspicion rule only
4581_588,588,3,Uncertain,0,none,R6,eligible_low_risk_review,Tier 3 with no Tier 1 rule hits; one soft suspicion rule only
4581_590,590,3,Uncertain,0,none,R6,eligible_low_risk_review,Tier 3 with no Tier 1 rule hits; one soft suspicion rule only
4581_591,591,3,Uncertain,0,none,R6,eligible_low_risk_review,Tier 3 with no Tier 1 rule hits; one soft suspicion rule only
4581_592,592,3,Uncertain,0,none,R6,eligible_low_risk_review,Tier 3 with no Tier 1 rule hits; one soft suspicion rule only
4581_593,593,3,Uncertain,0,none,R6,eligible_low_risk_review,Tier 3 with no Tier 1 rule hits; one soft suspicion rule only
4581_594,594,3,Uncertain,0,none,R6,eligible_low_risk_review,Tier 3 with no Tier 1 rule hits; one soft suspicion rule only
4581_595,595,3,Uncertain,0,none,R6,eligible_low_risk_review,Tier 3 with no Tier 1 rule hits; one soft suspicion rule only
4581_598,598,3,Uncertain,0,none,R6,eligible_low_risk_review,Tier 3 with no Tier 1 rule hits; one soft suspicion rule only
4581_599,599,3,Uncertain,0,none,R6,eligible_low_risk_review,Tier 3 with no Tier 1 rule hits; one soft suspicion rule only
4581_601,601,3,Uncertain,0,none,R6,eligible_low_risk_review,Tier 3 with no Tier 1 rule hits; one soft suspicion rule only
4581_603,603,3,Uncertain,0,none,R6,eligible_low_risk_review,Tier 3 with no Tier 1 rule hits; one soft suspicion rule only
4581_604,604,3,Uncertain,0,none,R6,eligible_low_risk_review,Tier 3 with no Tier 1 rule hits; one soft suspicion rule only
4581_605,605,3,Uncertain,0,none,R6,eligible_low_risk_review,Tier 3 with no Tier 1 rule hits; one soft suspicion rule only
4581_610,610,3,Uncertain,0,none,R6,eligible_low_risk_review,Tier 3 with no Tier 1 rule hits; one soft suspicion rule only
4581_612,612,3,Uncertain,0,none,R3,eligible_low_risk_review,Tier 3 with no Tier 1 rule hits; one soft suspicion rule only
4581_617,617,3,Uncertain,0,none,R6,eligible_low_risk_review,Tier 3 with no Tier 1 rule hits; one soft suspicion rule only
4581_631,631,3,Uncertain,0,none,R6,eligible_low_risk_review,Tier 3 with no Tier 1 rule hits; one soft suspicion rule only
4581_634,634,3,Uncertain,0,none,R6,eligible_low_risk_review,Tier 3 with no Tier 1 rule hits; one soft suspicion rule only
4581_635,635,3,Uncertain,0,none,R6,eligible_low_risk_review,Tier 3 with no Tier 1 rule hits; one soft suspicion rule only
4581_636,636,3,Uncertain,0,none,R6,eligible_low_risk_review,Tier 3 with no Tier 1 rule hits; one soft suspicion rule only
4581_637,637,3,Uncertain,0,none,R6,eligible_low_risk_review,Tier 3 with no Tier 1 rule hits; one soft suspicion rule only
4581_655,655,3,Uncertain,0,none,R6,eligible_low_risk_review,Tier 3 with no Tier 1 rule hits; one soft suspicion rule only
4581_658,658,3,Uncertain,0,none,R6,eligible_low_risk_review,Tier 3 with no Tier 1 rule hits; one soft suspicion rule only
4581_660,660,3,Uncertain,0,none,R6,eligible_low_risk_review,Tier 3 with no Tier 1 rule hits; one soft suspicion rule only
4581_661,661,3,Uncertain,0,none,R6,eligible_low_risk_review,Tier 3 with no Tier 1 rule hits; one soft suspicion rule only
4581_662,662,3,Uncertain,0,none,R6,eligible_low_risk_review,Tier 3 with no Tier 1 rule hits; one soft suspicion rule only
4581_663,663,3,Uncertain,0,none,R6,eligible_low_risk_review,Tier 3 with no Tier 1 rule hits; one soft suspicion rule only
4581_664,664,3,Uncertain,0,none,R6,eligible_low_risk_review,Tier 3 with no Tier 1 rule hits; one soft suspicion rule only
4581_671,671,3,Uncertain,0,none,R4,eligible_low_risk_review,Tier 3 with no Tier 1 rule hits; one soft suspicion rule only
4581_681,681,3,Uncertain,0,none,R6,eligible_low_risk_review,Tier 3 with no Tier 1 rule hits; one soft suspicion rule only
4581_682,682,3,Uncertain,0,none,R6,eligible_low_risk_review,Tier 3 with no Tier 1 rule hits; one soft suspicion rule only
4581_683,683,3,Uncertain,0,none,R6,eligible_low_risk_review,Tier 3 with no Tier 1 rule hits; one soft suspicion rule only
4581_686,686,3,Uncertain,0,none,R6,eligible_low_risk_review,Tier 3 with no Tier 1 rule hits; one soft suspicion rule only
4581_687,687,3,Uncertain,0,none,R6,eligible_low_risk_review,Tier 3 with no Tier 1 rule hits; one soft suspicion rule only
4581_689,689,3,Uncertain,0,none,R6,eligible_low_risk_review,Tier 3 with no Tier 1 rule hits; one soft suspicion rule only
4581_692,692,3,Uncertain,0,none,R6,eligible_low_risk_review,Tier 3 with no Tier 1 rule hits; one soft suspicion rule only
4581_694,694,3,Uncertain,0,none,R6,eligible_low_risk_review,Tier 3 with no Tier 1 rule hits; one soft suspicion rule only
4581_696,696,3,Uncertain,0,none,R6,eligible_low_risk_review,Tier 3 with no Tier 1 rule hits; one soft suspicion rule only
4581_699,699,3,Uncertain,0,none,R6,eligible_low_risk_review,Tier 3 with no Tier 1 rule hits; one soft suspicion rule only
4581_702,702,3,Uncertain,0,none,R6,eligible_low_risk_review,Tier 3 with no Tier 1 rule hits; one soft suspicion rule only
4581_704,704,3,Uncertain,0,none,R6,eligible_low_risk_review,Tier 3 with no Tier 1 rule hits; one soft suspicion rule only
4581_705,705,3,Uncertain,0,none,R6,eligible_low_risk_review,Tier 3 with no Tier 1 rule hits; one soft suspicion rule only
4581_707,707,3,Uncertain,0,none,R6,eligible_low_risk_review,Tier 3 with no Tier 1 rule hits; one soft suspicion rule only
4581_711,711,3,Uncertain,0,none,R6,eligible_low_risk_review,Tier 3 with no Tier 1 rule hits; one soft suspicion rule only
4581_718,718,3,Uncertain,0,none,R6,eligible_low_risk_review,Tier 3 with no Tier 1 rule hits; one soft suspicion rule only
4581_722,722,3,Uncertain,0,none,R6,eligible_low_risk_review,Tier 3 with no Tier 1 rule hits; one soft suspicion rule only
4581_724,724,3,Uncertain,0,none,R6,eligible_low_risk_review,Tier 3 with no Tier 1 rule hits; one soft suspicion rule only
4581_725,725,3,Uncertain,0,none,R6,eligible_low_risk_review,Tier 3 with no Tier 1 rule hits; one soft suspicion rule only
4581_726,726,3,Uncertain,0,none,R6,eligible_low_risk_review,Tier 3 with no Tier 1 rule hits; one soft suspicion rule only
4581_727,727,3,Uncertain,0,none,R6,eligible_low_risk_review,Tier 3 with no Tier 1 rule hits; one soft suspicion rule only
4581_728,728,3,Uncertain,0,none,R6,eligible_low_risk_review,Tier 3 with no Tier 1 rule hits; one soft suspicion rule only
4581_729,729,3,Uncertain,0,none,R6,eligible_low_risk_review,Tier 3 with no Tier 1 rule hits; one soft suspicion rule only
4581_73,73,3,Uncertain,0,none,R6,eligible_low_risk_review,Tier 3 with no Tier 1 rule hits; one soft suspicion rule only
4581_736,736,3,Uncertain,0,none,R6,eligible_low_risk_review,Tier 3 with no Tier 1 rule hits; one soft suspicion rule only
4581_738,738,3,Uncertain,0,none,R6,eligible_low_risk_review,Tier 3 with no Tier 1 rule hits; one soft suspicion rule only
4581_740,740,3,Uncertain,0,none,R6,eligible_low_risk_review,Tier 3 with no Tier 1 rule hits; one soft suspicion rule only
4581_741,741,3,Uncertain,0,none,R6,eligible_low_risk_review,Tier 3 with no Tier 1 rule hits; one soft suspicion rule only
4581_744,744,3,Uncertain,0,none,R6,eligible_low_risk_review,Tier 3 with no Tier 1 rule hits; one soft suspicion rule only
4581_747,747,3,Uncertain,0,none,R6,eligible_low_risk_review,Tier 3 with no Tier 1 rule hits; one soft suspicion rule only
4581_749,749,3,Uncertain,0,none,R6,eligible_low_risk_review,Tier 3 with no Tier 1 rule hits; one soft suspicion rule only
4581_750,750,3,Uncertain,0,none,R6,eligible_low_risk_review,Tier 3 with no Tier 1 rule hits; one soft suspicion rule only
4581_751,751,3,Uncertain,0,none,R6,eligible_low_risk_review,Tier 3 with no Tier 1 rule hits; one soft suspicion rule only
4581_752,752,3,Uncertain,0,none,R6,eligible_low_risk_review,Tier 3 with no Tier 1 rule hits; one soft suspicion rule only
4581_753,753,3,Uncertain,0,none,R6,eligible_low_risk_review,Tier 3 with no Tier 1 rule hits; one soft suspicion rule only
4581_760,760,3,Uncertain,0,none,R6,eligible_low_risk_review,Tier 3 with no Tier 1 rule hits; one soft suspicion rule only
4581_761,761,3,Uncertain,0,none,R6,eligible_low_risk_review,Tier 3 with no Tier 1 rule hits; one soft suspicion rule only
4581_763,763,3,Uncertain,0,none,R6,eligible_low_risk_review,Tier 3 with no Tier 1 rule hits; one soft suspicion rule only
4581_765,765,3,Uncertain,0,none,R6,eligible_low_risk_review,Tier 3 with no Tier 1 rule hits; one soft suspicion rule only
4581_77,77,3,Uncertain,0,none,R6,eligible_low_risk_review,Tier 3 with no Tier 1 rule hits; one soft suspicion rule only
4581_770,770,3,Uncertain,0,none,R6,eligible_low_risk_review,Tier 3 with no Tier 1 rule hits; one soft suspicion rule only
4581_771,771,3,Uncertain,0,none,R6,eligible_low_risk_review,Tier 3 with no Tier 1 rule hits; one soft suspicion rule only
4581_774,774,3,Uncertain,0,none,R6,eligible_low_risk_review,Tier 3 with no Tier 1 rule hits; one soft suspicion rule only
4581_776,776,3,Uncertain,0,none,R6,eligible_low_risk_review,Tier 3 with no Tier 1 rule hits; one soft suspicion rule only
4581_78,78,3,Uncertain,0,none,R6,eligible_low_risk_review,Tier 3 with no Tier 1 rule hits; one soft suspicion rule only
4581_780,780,3,Uncertain,0,none,R6,eligible_low_risk_review,Tier 3 with no Tier 1 rule hits; one soft suspicion rule only
4581_781,781,3,Uncertain,0,none,R6,eligible_low_risk_review,Tier 3 with no Tier 1 rule hits; one soft suspicion rule only
4581_787,787,3,Uncertain,0,none,R6,eligible_low_risk_review,Tier 3 with no Tier 1 rule hits; one soft suspicion rule only
4581_788,788,3,Uncertain,0,none,R6,eligible_low_risk_review,Tier 3 with no Tier 1 rule hits; one soft suspicion rule only
4581_79,79,3,Uncertain,0,none,R6,eligible_low_risk_review,Tier 3 with no Tier 1 rule hits; one soft suspicion rule only
4581_790,790,3,Uncertain,0,none,R6,eligible_low_risk_review,Tier 3 with no Tier 1 rule hits; one soft suspicion rule only
4581_793,793,3,Uncertain,0,none,R6,eligible_low_risk_review,Tier 3 with no Tier 1 rule hits; one soft suspicion rule only
4581_794,794,3,Uncertain,0,none,R6,eligible_low_risk_review,Tier 3 with no Tier 1 rule hits; one soft suspicion rule only
4581_795,795,3,Uncertain,0,none,R6,eligible_low_risk_review,Tier 3 with no Tier 1 rule hits; one soft suspicion rule only
4581_796,796,3,Uncertain,0,none,R6,eligible_low_risk_review,Tier 3 with no Tier 1 rule hits; one soft suspicion rule only
4581_797,797,3,Uncertain,0,none,R6,eligible_low_risk_review,Tier 3 with no Tier 1 rule hits; one soft suspicion rule only
4581_801,801,3,Uncertain,0,none,R6,eligible_low_risk_review,Tier 3 with no Tier 1 rule hits; one soft suspicion rule only
4581_802,802,3,Uncertain,0,none,R6,eligible_low_risk_review,Tier 3 with no Tier 1 rule hits; one soft suspicion rule only
4581_803,803,3,Uncertain,0,none,R6,eligible_low_risk_review,Tier 3 with no Tier 1 rule hits; one soft suspicion rule only
4581_805,805,3,Uncertain,0,none,R6,eligible_low_risk_review,Tier 3 with no Tier 1 rule hits; one soft suspicion rule only
4581_806,806,3,Uncertain,0,none,R6,eligible_low_risk_review,Tier 3 with no Tier 1 rule hits; one soft suspicion rule only
4581_808,808,3,Uncertain,0,none,R6,eligible_low_risk_review,Tier 3 with no Tier 1 rule hits; one soft suspicion rule only
4581_809,809,3,Uncertain,0,none,R6,eligible_low_risk_review,Tier 3 with no Tier 1 rule hits; one soft suspicion rule only
4581_814,814,3,Uncertain,0,none,R6,eligible_low_risk_review,Tier 3 with no Tier 1 rule hits; one soft suspicion rule only
4581_816,816,3,Uncertain,0,none,R6,eligible_low_risk_review,Tier 3 with no Tier 1 rule hits; one soft suspicion rule only
4581_817,817,3,Uncertain,0,none,R6,eligible_low_risk_review,Tier 3 with no Tier 1 rule hits; one soft suspicion rule only
4581_822,822,3,Uncertain,0,none,R6,eligible_low_risk_review,Tier 3 with no Tier 1 rule hits; one soft suspicion rule only
4581_823,823,3,Uncertain,0,none,R6,eligible_low_risk_review,Tier 3 with no Tier 1 rule hits; one soft suspicion rule only
4581_825,825,3,Uncertain,0,none,R6,eligible_low_risk_review,Tier 3 with no Tier 1 rule hits; one soft suspicion rule only
4581_826,826,3,Uncertain,0,none,R6,eligible_low_risk_review,Tier 3 with no Tier 1 rule hits; one soft suspicion rule only
4581_828,828,3,Uncertain,0,none,R6,eligible_low_risk_review,Tier 3 with no Tier 1 rule hits; one soft suspicion rule only
4581_829,829,3,Uncertain,0,none,R6,eligible_low_risk_review,Tier 3 with no Tier 1 rule hits; one soft suspicion rule only
4581_83,83,3,Uncertain,0,none,R6,eligible_low_risk_review,Tier 3 with no Tier 1 rule hits; one soft suspicion rule only
4581_831,831,3,Uncertain,0,none,R6,eligible_low_risk_review,Tier 3 with no Tier 1 rule hits; one soft suspicion rule only
4581_833,833,3,Uncertain,0,none,R6,eligible_low_risk_review,Tier 3 with no Tier 1 rule hits; one soft suspicion rule only
4581_835,835,3,Uncertain,0,none,R6,eligible_low_risk_review,Tier 3 with no Tier 1 rule hits; one soft suspicion rule only
4581_836,836,3,Uncertain,0,none,R6,eligible_low_risk_review,Tier 3 with no Tier 1 rule hits; one soft suspicion rule only
4581_838,838,3,Uncertain,0,none,R6,eligible_low_risk_review,Tier 3 with no Tier 1 rule hits; one soft suspicion rule only
4581_84,84,3,Uncertain,0,none,R6,eligible_low_risk_review,Tier 3 with no Tier 1 rule hits; one soft suspicion rule only
4581_840,840,3,Uncertain,0,none,R6,eligible_low_risk_review,Tier 3 with no Tier 1 rule hits; one soft suspicion rule only
4581_85,85,3,Uncertain,0,none,R6,eligible_low_risk_review,Tier 3 with no Tier 1 rule hits; one soft suspicion rule only
4581_850,850,3,Uncertain,0,none,R6,eligible_low_risk_review,Tier 3 with no Tier 1 rule hits; one soft suspicion rule only
4581_853,853,3,Uncertain,0,none,R6,eligible_low_risk_review,Tier 3 with no Tier 1 rule hits; one soft suspicion rule only
4581_855,855,3,Uncertain,0,none,R6,eligible_low_risk_review,Tier 3 with no Tier 1 rule hits; one soft suspicion rule only
4581_856,856,3,Uncertain,0,none,R6,eligible_low_risk_review,Tier 3 with no Tier 1 rule hits; one soft suspicion rule only
4581_859,859,3,Uncertain,0,none,R6,eligible_low_risk_review,Tier 3 with no Tier 1 rule hits; one soft suspicion rule only
4581_860,860,3,Uncertain,0,none,R6,eligible_low_risk_review,Tier 3 with no Tier 1 rule hits; one soft suspicion rule only
4581_863,863,3,Uncertain,0,none,R6,eligible_low_risk_review,Tier 3 with no Tier 1 rule hits; one soft suspicion rule only
4581_865,865,3,Uncertain,0,none,R6,eligible_low_risk_review,Tier 3 with no Tier 1 rule hits; one soft suspicion rule only
4581_866,866,3,Uncertain,0,none,R6,eligible_low_risk_review,Tier 3 with no Tier 1 rule hits; one soft suspicion rule only
4581_867,867,3,Uncertain,0,none,R6,eligible_low_risk_review,Tier 3 with no Tier 1 rule hits; one soft suspicion rule only
4581_869,869,3,Uncertain,0,none,R6,eligible_low_risk_review,Tier 3 with no Tier 1 rule hits; one soft suspicion rule only
4581_87,87,3,Uncertain,0,none,R6,eligible_low_risk_review,Tier 3 with no Tier 1 rule hits; one soft suspicion rule only
4581_870,870,3,Uncertain,0,none,R6,eligible_low_risk_review,Tier 3 with no Tier 1 rule hits; one soft suspicion rule only
4581_871,871,3,Uncertain,0,none,R6,eligible_low_risk_review,Tier 3 with no Tier 1 rule hits; one soft suspicion rule only
4581_872,872,3,Uncertain,0,none,R6,eligible_low_risk_review,Tier 3 with no Tier 1 rule hits; one soft suspicion rule only
4581_874,874,3,Uncertain,0,none,R6,eligible_low_risk_review,Tier 3 with no Tier 1 rule hits; one soft suspicion rule only
4581_88,88,3,Uncertain,0,none,R6,eligible_low_risk_review,Tier 3 with no Tier 1 rule hits; one soft suspicion rule only
4581_893,893,3,Uncertain,0,none,R6,eligible_low_risk_review,Tier 3 with no Tier 1 rule hits; one soft suspicion rule only
4581_896,896,3,Uncertain,0,none,R6,eligible_low_risk_review,Tier 3 with no Tier 1 rule hits; one soft suspicion rule only
4581_897,897,3,Uncertain,0,none,R6,eligible_low_risk_review,Tier 3 with no Tier 1 rule hits; one soft suspicion rule only
4581_901,901,3,Uncertain,0,none,R6,eligible_low_risk_review,Tier 3 with no Tier 1 rule hits; one soft suspicion rule only
4581_904,904,3,Uncertain,0,none,R6,eligible_low_risk_review,Tier 3 with no Tier 1 rule hits; one soft suspicion rule only
4581_906,906,3,Uncertain,0,none,R6,eligible_low_risk_review,Tier 3 with no Tier 1 rule hits; one soft suspicion rule only
4581_909,909,3,Uncertain,0,none,R6,eligible_low_risk_review,Tier 3 with no Tier 1 rule hits; one soft suspicion rule only
4581_912,912,3,Uncertain,0,none,R6,eligible_low_risk_review,Tier 3 with no Tier 1 rule hits; one soft suspicion rule only
4581_913,913,3,Uncertain,0,none,R6,eligible_low_risk_review,Tier 3 with no Tier 1 rule hits; one soft suspicion rule only
4581_916,916,3,Uncertain,0,none,R6,eligible_low_risk_review,Tier 3 with no Tier 1 rule hits; one soft suspicion rule only
4581_92,92,3,Uncertain,0,none,R6,eligible_low_risk_review,Tier 3 with no Tier 1 rule hits; one soft suspicion rule only
4581_923,923,3,Uncertain,0,none,R6,eligible_low_risk_review,Tier 3 with no Tier 1 rule hits; one soft suspicion rule only
4581_924,924,3,Uncertain,0,none,R6,eligible_low_risk_review,Tier 3 with no Tier 1 rule hits; one soft suspicion rule only
4581_938,938,3,Uncertain,0,none,R6,eligible_low_risk_review,Tier 3 with no Tier 1 rule hits; one soft suspicion rule only
4581_940,940,3,Uncertain,0,none,R6,eligible_low_risk_review,Tier 3 with no Tier 1 rule hits; one soft suspicion rule only
4581_941,941,3,Uncertain,0,none,R6,eligible_low_risk_review,Tier 3 with no Tier 1 rule hits; one soft suspicion rule only
4581_942,942,3,Uncertain,0,none,R6,eligible_low_risk_review,Tier 3 with no Tier 1 rule hits; one soft suspicion rule only
4581_943,943,3,Uncertain,0,none,R6,eligible_low_risk_review,Tier 3 with no Tier 1 rule hits; one soft suspicion rule only
4581_944,944,3,Uncertain,0,none,R6,eligible_low_risk_review,Tier 3 with no Tier 1 rule hits; one soft suspicion rule only
4581_946,946,3,Uncertain,0,none,R6,eligible_low_risk_review,Tier 3 with no Tier 1 rule hits; one soft suspicion rule only
4581_949,949,3,Uncertain,0,none,R6,eligible_low_risk_review,Tier 3 with no Tier 1 rule hits; one soft suspicion rule only
4581_950,950,3,Uncertain,0,none,R6,eligible_low_risk_review,Tier 3 with no Tier 1 rule hits; one soft suspicion rule only
4581_952,952,3,Uncertain,0,none,R6,eligible_low_risk_review,Tier 3 with no Tier 1 rule hits; one soft suspicion rule only
4581_953,953,3,Uncertain,0,none,R6,eligible_low_risk_review,Tier 3 with no Tier 1 rule hits; one soft suspicion rule only
4581_956,956,3,Uncertain,0,none,R6,eligible_low_risk_review,Tier 3 with no Tier 1 rule hits; one soft suspicion rule only
4581_957,957,3,Uncertain,0,none,R6,eligible_low_risk_review,Tier 3 with no Tier 1 rule hits; one soft suspicion rule only
4581_958,958,3,Uncertain,0,none,R6,eligible_low_risk_review,Tier 3 with no Tier 1 rule hits; one soft suspicion rule only
4581_959,959,3,Uncertain,0,none,R6,eligible_low_risk_review,Tier 3 with no Tier 1 rule hits; one soft suspicion rule only
4581_96,96,3,Uncertain,0,none,R6,eligible_low_risk_review,Tier 3 with no Tier 1 rule hits; one soft suspicion rule only
4581_960,960,3,Uncertain,0,none,R6,eligible_low_risk_review,Tier 3 with no Tier 1 rule hits; one soft suspicion rule only
4581_961,961,3,Uncertain,0,none,R6,eligible_low_risk_review,Tier 3 with no Tier 1 rule hits; one soft suspicion rule only
4581_962,962,3,Uncertain,0,none,R6,eligible_low_risk_review,Tier 3 with no Tier 1 rule hits; one soft suspicion rule only
4581_982,982,3,Uncertain,0,none,R6,eligible_low_risk_review,Tier 3 with no Tier 1 rule hits; one soft suspicion rule only
4581_983,983,3,Uncertain,0,none,R6,eligible_low_risk_review,Tier 3 with no Tier 1 rule hits; one soft suspicion rule only
4581_988,988,3,Uncertain,0,none,R6,eligible_low_risk_review,Tier 3 with no Tier 1 rule hits; one soft suspicion rule only
4581_989,989,3,Uncertain,0,none,R6,eligible_low_risk_review,Tier 3 with no Tier 1 rule hits; one soft suspicion rule only
4581_99,99,3,Uncertain,0,none,R6,eligible_low_risk_review,Tier 3 with no Tier 1 rule hits; one soft suspicion rule only
4581_990,990,3,Uncertain,0,none,R6,eligible_low_risk_review,Tier 3 with no Tier 1 rule hits; one soft suspicion rule only
4581_991,991,3,Uncertain,0,none,R6,eligible_low_risk_review,Tier 3 with no Tier 1 rule hits; one soft suspicion rule only
4581_10,10,4,Pass,0,none,none,auto_eligible,Tier 4 with no Tier 1 rule hits
4581_11,11,4,Pass,0,none,none,auto_eligible,Tier 4 with no Tier 1 rule hits
4581_116,116,4,Pass,0,none,none,auto_eligible,Tier 4 with no Tier 1 rule hits
4581_12,12,4,Pass,0,none,none,auto_eligible,Tier 4 with no Tier 1 rule hits
4581_126,126,4,Pass,0,none,none,auto_eligible,Tier 4 with no Tier 1 rule hits
4581_1272,1272,4,Pass,0,none,none,auto_eligible,Tier 4 with no Tier 1 rule hits
4581_1292,1292,4,Pass,0,none,none,auto_eligible,Tier 4 with no Tier 1 rule hits
4581_13,13,4,Pass,0,none,none,auto_eligible,Tier 4 with no Tier 1 rule hits
4581_1318,1318,4,Pass,0,none,none,auto_eligible,Tier 4 with no Tier 1 rule hits
4581_134,134,4,Pass,0,none,none,auto_eligible,Tier 4 with no Tier 1 rule hits
4581_14,14,4,Pass,0,none,none,auto_eligible,Tier 4 with no Tier 1 rule hits
4581_1402,1402,4,Pass,0,none,none,auto_eligible,Tier 4 with no Tier 1 rule hits
4581_15,15,4,Pass,0,none,none,auto_eligible,Tier 4 with no Tier 1 rule hits
4581_152,152,4,Pass,0,none,none,auto_eligible,Tier 4 with no Tier 1 rule hits
4581_1526,1526,4,Pass,0,none,none,auto_eligible,Tier 4 with no Tier 1 rule hits
4581_1544,1544,4,Pass,0,none,none,auto_eligible,Tier 4 with no Tier 1 rule hits
4581_1598,1598,4,Pass,0,none,none,auto_eligible,Tier 4 with no Tier 1 rule hits
4581_16,16,4,Pass,0,none,none,auto_eligible,Tier 4 with no Tier 1 rule hits
4581_1664,1664,4,Pass,0,none,none,auto_eligible,Tier 4 with no Tier 1 rule hits
4581_1672,1672,4,Pass,0,none,none,auto_eligible,Tier 4 with no Tier 1 rule hits
4581_1684,1684,4,Pass,0,none,none,auto_eligible,Tier 4 with no Tier 1 rule hits
4581_17,17,4,Pass,0,none,none,auto_eligible,Tier 4 with no Tier 1 rule hits
4581_1702,1702,4,Pass,0,none,none,auto_eligible,Tier 4 with no Tier 1 rule hits
4581_1726,1726,4,Pass,0,none,none,auto_eligible,Tier 4 with no Tier 1 rule hits
4581_1734,1734,4,Pass,0,none,none,auto_eligible,Tier 4 with no Tier 1 rule hits
4581_1735,1735,4,Pass,0,none,none,auto_eligible,Tier 4 with no Tier 1 rule hits
4581_1757,1757,4,Pass,0,none,none,auto_eligible,Tier 4 with no Tier 1 rule hits
4581_1758,1758,4,Pass,0,none,none,auto_eligible,Tier 4 with no Tier 1 rule hits
4581_1768,1768,4,Pass,0,none,none,auto_eligible,Tier 4 with no Tier 1 rule hits
4581_1777,1777,4,Pass,0,none,none,auto_eligible,Tier 4 with no Tier 1 rule hits
4581_1779,1779,4,Pass,0,none,none,auto_eligible,Tier 4 with no Tier 1 rule hits
4581_1782,1782,4,Pass,0,none,none,auto_eligible,Tier 4 with no Tier 1 rule hits
4581_18,18,4,Pass,0,none,none,auto_eligible,Tier 4 with no Tier 1 rule hits
4581_19,19,4,Pass,0,none,none,auto_eligible,Tier 4 with no Tier 1 rule hits
4581_20,20,4,Pass,0,none,none,auto_eligible,Tier 4 with no Tier 1 rule hits
4581_203,203,4,Pass,0,none,none,auto_eligible,Tier 4 with no Tier 1 rule hits
4581_21,21,4,Pass,0,none,none,auto_eligible,Tier 4 with no Tier 1 rule hits
4581_22,22,4,Pass,0,none,none,auto_eligible,Tier 4 with no Tier 1 rule hits
4581_24,24,4,Pass,0,none,none,auto_eligible,Tier 4 with no Tier 1 rule hits
4581_27,27,4,Pass,0,none,none,auto_eligible,Tier 4 with no Tier 1 rule hits
4581_28,28,4,Pass,0,none,none,auto_eligible,Tier 4 with no Tier 1 rule hits
4581_29,29,4,Pass,0,none,none,auto_eligible,Tier 4 with no Tier 1 rule hits
4581_30,30,4,Pass,0,none,none,auto_eligible,Tier 4 with no Tier 1 rule hits
4581_32,32,4,Pass,0,none,none,auto_eligible,Tier 4 with no Tier 1 rule hits
4581_34,34,4,Pass,0,none,none,auto_eligible,Tier 4 with no Tier 1 rule hits
4581_35,35,4,Pass,0,none,none,auto_eligible,Tier 4 with no Tier 1 rule hits
4581_38,38,4,Pass,0,none,none,auto_eligible,Tier 4 with no Tier 1 rule hits
4581_41,41,4,Pass,0,none,none,auto_eligible,Tier 4 with no Tier 1 rule hits
4581_45,45,4,Pass,0,none,none,auto_eligible,Tier 4 with no Tier 1 rule hits
4581_459,459,4,Pass,0,none,none,auto_eligible,Tier 4 with no Tier 1 rule hits
4581_46,46,4,Pass,0,none,none,auto_eligible,Tier 4 with no Tier 1 rule hits
4581_48,48,4,Pass,0,none,none,auto_eligible,Tier 4 with no Tier 1 rule hits
4581_49,49,4,Pass,0,none,none,auto_eligible,Tier 4 with no Tier 1 rule hits
4581_5,5,4,Pass,0,none,none,auto_eligible,Tier 4 with no Tier 1 rule hits
4581_50,50,4,Pass,0,none,none,auto_eligible,Tier 4 with no Tier 1 rule hits
4581_55,55,4,Pass,0,none,none,auto_eligible,Tier 4 with no Tier 1 rule hits
4581_59,59,4,Pass,0,none,none,auto_eligible,Tier 4 with no Tier 1 rule hits
4581_6,6,4,Pass,0,none,none,auto_eligible,Tier 4 with no Tier 1 rule hits
4581_60,60,4,Pass,0,none,none,auto_eligible,Tier 4 with no Tier 1 rule hits
4581_61,61,4,Pass,0,none,none,auto_eligible,Tier 4 with no Tier 1 rule hits
4581_64,64,4,Pass,0,none,none,auto_eligible,Tier 4 with no Tier 1 rule hits
4581_65,65,4,Pass,0,none,none,auto_eligible,Tier 4 with no Tier 1 rule hits
4581_66,66,4,Pass,0,none,none,auto_eligible,Tier 4 with no Tier 1 rule hits
4581_67,67,4,Pass,0,none,none,auto_eligible,Tier 4 with no Tier 1 rule hits
4581_7,7,4,Pass,0,none,none,auto_eligible,Tier 4 with no Tier 1 rule hits
4581_72,72,4,Pass,0,none,none,auto_eligible,Tier 4 with no Tier 1 rule hits
4581_8,8,4,Pass,0,none,none,auto_eligible,Tier 4 with no Tier 1 rule hits
4581_82,82,4,Pass,0,none,none,auto_eligible,Tier 4 with no Tier 1 rule hits
4581_9,9,4,Pass,0,none,none,auto_eligible,Tier 4 with no Tier 1 rule hits
4581_97,97,4,Pass,0,none,none,auto_eligible,Tier 4 with no Tier 1 rule hits
